id,rated,created_at,last_move_at,turns,victory_status,winner,increment_code,white_id,white_rating,black_id,black_rating,moves,opening_eco,opening_name,opening_ply
ECQZchLt,True,1504112820461.0,1504113144881.0,61,resign,white,10+0,erdugliano71,1919,selami011235,1798,d4 f5 Bf4 Nf6 e3 d6 Nc3 Nc6 Bc4 e5 dxe5 dxe5 Qxd8+ Kxd8 O-O-O+ Bd6 Bg5 Ke7 Nd5+ Kf8 Nxf6 gxf6 Bxf6 Rg8 Bxg8 Kxg8 Nf3 Kf7 Bh4 Be6 a3 b5 h3 b4 axb4 Bxb4 Bg3 Bd6 Rd2 a5 Rhd1 f4 exf4 exf4 Bh4 a4 Ng5+ Kf6 Ne4+ Ke5 Nxd6 cxd6 Rxd6 a3 Rxc6 axb2+ Kxb2 Ra2+ Kc3 Ra3+ Kb4,A80,Dutch Defense,2
BqMaxwMW,True,1454940000000.0,1454940000000.0,86,mate,black,10+0,djbaseball46,1195,carlosamadorsanchez,1123,e4 e5 Nf3 f5 d3 fxe4 dxe4 Bb4+ Bd2 Bxd2+ Nbxd2 Nf6 Bb5 c6 Ba4 b5 Bb3 d5 exd5 cxd5 c4 Be6 cxd5 Bxd5 Rc1 Bxb3 axb3 O-O Ng5 Ng4 h3 Qxg5 hxg4 Rd8 Rc7 e4 Nxe4 Rxd1+ Kxd1 Qd5+ Nd2 Qxg2 Rf1 Qxg4+ f3 Qg2 f4 Na6 Rc8+ Rxc8 Ke1 Re8+ Ne4 Rxe4+ Kd1 Qxf1+ Kc2 Qxf4 b4 Nxb4+ Kb3 a6 Ka3 Re3+ b3 Nc2+ Kb2 Qf2 Kc1 Re4 b4 Re1+ Kb2 h6 Kc3 h5 Kd3 h4 Kc3 h3 Kd3 h2 Kc3 h1=Q Kd3 Qh3#,C40,Latvian Gambit,4
cIP5THAR,True,1466630494489.0,1466630672557.0,27,resign,black,10+2,nitche,1867,jaivl,1932,e4 c5 Nf3 g6 d4 cxd4 Nxd4 Nc6 Nxc6 bxc6 Nc3 Bg7 Bd2 d5 Be3 d4 Na4 dxe3 Qxd8+ Kxd8 O-O-O+ Ke8 fxe3 Nf6 e5 Nd5 c4,B34,Sicilian Defense: Accelerated Dragon |  Exchange Variation,9
F4BG9EjO,True,1503159383853.0,1503160124353.0,79,resign,white,10+0,yellow_dragon,1823,silentmove,1770,d4 Nf6 c4 g6 Nc3 Bg7 e4 d6 f3 O-O Be3 e5 d5 c6 Bd3 cxd5 exd5 Nbd7 b4 b5 cxb5 e4 Bc2 exf3 Nxf3 Bb7 Bd4 Re8+ Kf1 Nxd5 Nxd5 Bxd5 Bxg7 Bc4+ Bd3 Bxd3+ Qxd3 Kxg7 Qxd6 Re6 Qd4+ Kg8 Kf2 Rc8 Rac1 Rb8 Rhd1 Qb6 Qxb6 Nxb6 Nd4 Rf6+ Kg3 Nd5 Nc6 Rxb5 a4 Rb6 b5 Ne3 Ne7+ Kg7 Re1 Nf5+ Nxf5+ Rxf5 Re7 a6 Rc6 Rxc6 bxc6 Kf8 Ra7 Ra5 c7 Rc5 Ra8+ Ke7 c8=Q,E88,King's Indian Defense: Saemisch Variation |  Closed Variation |  7...c6,14
lG5mJCIw,True,1504180293826.0,1504180633642.0,37,resign,white,10+0,rhysmc123,1371,gonzorg,1193,e4 e5 d3 Nf6 Bg5 Nc6 Bxf6 gxf6 a3 Qe7 b4 d6 c4 Be6 Nf3 Rg8 g3 O-O-O Qa4 Nd4 Ra2 a6 Nxd4 exd4 Rb2 Bd7 Qa5 Bh6 b5 Kb8 bxa6 Bb5 cxb5 b6 a7+ Kb7 Qa6+,C20,King's Pawn Game: Leonardis Variation,3
X9oTQRm1,True,1504232389266.0,1504233353258.0,52,outoftime,black,10+0,yotastrejos,1415,davo_bul,1431,e4 e5 Nf3 Nc6 Bb5 d6 Bxc6+ bxc6 O-O Nf6 d3 Bg4 Nc3 d5 exd5 cxd5 d4 e4 Re1 Be7 h3 exf3 hxg4 fxg2 g5 Qd7 Qe2 O-O Kxg2 Ne4 Nxe4 dxe4 Qxe4 Rae8 Rh1 g6 Qh4 h5 gxh6 Bxh4 Rxh4 Qd5+ Kf1 Qe6 h7+ Kg7 Bh6+ Kf6 Rf4+ Ke7 Bxf8+ Kd7,C62,Ruy Lopez: Steinitz Defense,6
mCLwBASx,True,1484790000000.0,1484790000000.0,121,resign,white,10+0,bolivonv,1817,dkattir,1839,e4 c5 Nf3 Nc6 Bb5 Nd4 Nxd4 cxd4 O-O a6 Be2 d6 d3 Nf6 Bg5 e5 f4 Be7 f5 Nd7 Bxe7 Qxe7 Nd2 g6 Nc4 b5 Nd2 g5 Bh5 Bb7 Nf3 O-O-O Rc1 Nf6 g4 Nxh5 gxh5 Rdg8 Nd2 g4 f6 Qe6 Rf5 g3 h3 h6 c3 Rg5 Qf3 Rhg8 cxd4+ Kb8 d5 Qe8 Kg2 Bc8 Rxg5 Rxg5 Rc6 Qd7 Nf1 Qxh3+ Kg1 Bg4 Qg2 Qxh5 Nxg3 Qh4 Qh2 Qxh2+ Kxh2 h5 Rxd6 Bc8 Rd8 Kc7 Rh8 Bg4 Rh7 Rg6 Rxf7+ Kb6 d6 Kc6 Nf5 Bxf5 exf5 Rg8 d7 Rd8 Kg3 Rxd7 Rxd7 Kxd7 Kh4 Ke8 Kxh5 Kf7 Kg5 a5 d4 exd4 Kf4 d3 Ke3 d2 Kxd2 Kxf6 Kd3 Kxf5 Kd4 Ke6 Kc5 b4 Kb5 Kd5 Kxa5 Kc4 Ka4 Kc5 b3,B30,Sicilian Defense: Nyezhmetdinov-Rossolimo Attack,5
Iz6xucJK,True,1500430000000.0,1500430000000.0,28,mate,black,20+0,seashark,1152,dude_perfect,1246,e4 c5 d3 e6 Nf3 Nc6 Be3 Nf6 Be2 d5 e5 Nd7 O-O Ndxe5 Nbd2 Nxf3+ Bxf3 Bd6 c4 d4 Bxd4 Nxd4 Qa4+ Bd7 Qd1 Qh4 Ne4 Qxh2#,B20,Sicilian Defense,2
HmkdlQ0w,True,1481680000000.0,1481680000000.0,34,resign,black,5+8,woodham,1216,lions67,1523,e4 e5 Nf3 d6 h3 h6 c3 a6 b4 Nf6 d3 d5 exd5 Nxd5 Nxe5 Qf6 Qe2 Be6 a3 Bd6 d4 Nc6 g3 Nxe5 dxe5 Qxe5 Bb2 Qxe2+ Bxe2 Be5 g4 Nf4 O-O Nxe2+,C41,Philidor Defense #2,4
cbXiaZaO,True,1495150000000.0,1495150000000.0,164,mate,black,10+0,chessfrois,2239,willyjohnson,2241,e4 c5 Nf3 d6 d4 cxd4 Nxd4 Nf6 Nc3 g6 Be3 Bg7 f3 Nc6 Qd2 O-O O-O-O d5 exd5 Nxd5 Nxc6 bxc6 Bd4 e5 Bc5 Re8 Ne4 Qc7 Bc4 Be6 h4 Rad8 Qf2 Ra8 h5 Nf4 Bxe6 Nxe6 hxg6 fxg6 Qh4 h5 Bd6 Qf7 g4 Qxf3 gxh5 Qf4+ Qxf4 Nxf4 hxg6 Nxg6 Rhg1 Re6 Rg4 Bh6+ Kb1 Bf4 Nc5 Rf6 Be7 Kf7 Bxf6 Kxf6 Rdg1 Ne7 c3 Rd8 R4g2 Rd5 Ne4+ Kf5 Ng3+ Ke6 Re1 Ng6 Ne4 Nh4 Rf2 Kf5 Kc2 Kg4 Rg1+ Kf5 Ng3+ Ke6 Nh5 Be3 Rgf1 Bxf2 Rxf2 Nf5 Re2 Kd6 Kb3 Rb5+ Kc2 Rb8 Rf2 Ne3+ Kd3 Nd5 Ng3 Rg8 Ne4+ Ke6 Nc5+ Kd6 Kc2 Kxc5 Re2 Re8 Re4 Nf6 Re2 e4 Re3 Ng4 Rg3 e3 Rxg4 e2 b4+ Kb6 Rg1 e1=Q Rxe1 Rxe1 Kb3 Re8 a4 c5 Kc4 cxb4 cxb4 a5 b5 Re4+ Kb3 Rb4+ Ka3 Kc5 Ka2 Rxa4+ Kb3 Rb4+ Ka3 Kxb5 Ka2 a4 Ka3 Rb3+ Ka2 Kb4 Ka1 a3 Ka2 Rb2+ Ka1 Rh2 Kb1 Kb3 Ka1 Rh1#,B76,Sicilian Defense: Dragon Variation |  Yugoslav Attack |  Modern Line,17
PLfGskds,True,1500891764061.0,1500892037902.0,50,mate,black,5+8,diegolivo,1196,clash_royale,1549,e4 g6 e5 Bg7 d4 d6 Bc4 dxe5 Qf3 e6 Nh3 exd4 Ng5 Nf6 O-O O-O a4 a6 Ra3 b5 Qxa8 bxc4 Rh3 Nbd7 Rh4 d3 cxd3 cxd3 Qf3 h6 Ne4 Nxe4 Bxh6 Bxh6 Rxh6 Ndf6 Qxe4 Nxe4 Re1 d2 Nxd2 Qxd2 Rxe4 Qd1+ Re1 Rd8 g3 Bb7 Rxd1 Rxd1#,B06,Modern Defense,2
1vLLQBh7,True,1476380000000.0,1476380000000.0,8,resign,black,10+0,b6a8h,1576,vastas,1636,b4 d5 g3 e5 Bg2 Nf6 Nc3 Bxb4,A00,Hungarian Opening: Buecker Gambit,5
bubeMcp6,True,1501670000000.0,1501670000000.0,17,resign,white,10+0,gucanni,1586,kyanh,1473,Nf3 d5 d4 Nf6 Bf4 Bf5 e3 c5 c3 Nc6 Nbd2 Qb6 b3 e6 Rc1 Be7 Be2,D02,Queen's Pawn Game: London System,5
PSRAA6C5,True,1494820000000.0,1494820000000.0,104,resign,black,10+0,butterlandz,1340,luandson,1433,d4 d5 g3 e6 Nf3 c6 Bg2 Bd6 O-O Nf6 Bf4 Bxf4 gxf4 Ng4 h3 Nh6 Ne5 O-O Nc3 Nd7 e3 b6 Nxc6 Qf6 Qe2 Qh4 Nb5 Ba6 Nc7 Bxe2 Nxa8 Bxf1 Bxf1 e5 fxe5 Rxa8 Bg2 Nxe5 Nxe5 Nf5 Bxd5 Nxe3 Bxa8 Qg5+ Ng4 Nxg4 hxg4 Qxg4+ Bg2 f5 Re1 Kf7 f3 Qg3 Kf1 h5 f4 Qxf4+ Kg1 Qxd4+ Kf1 Qxb2 Bd5+ Kf8 Re6 Qb5+ Ke1 Qxd5 Re2 Qxa2 Rd2 Qa5 Kd1 h4 Rd8+ Ke7 Rh8 g5 Rh5 Ke6 Rxg5 b5 Rh5 Qc3 Rxh4 a5 Rf4 Ke5 Rf1 a4 Ke2 Qxc2+ Ke1 a3 Rf2 Qxf2+ Kxf2 a2 Ke2 b4 Kd3 a1=Q Kc4 Qa5,D00,Queen's Pawn Game,2
3DCt0xRQ,True,1504010000000.0,1504010000000.0,119,resign,white,5+5,reza_58,1951,vchess4,1894,c4 d6 Nc3 e6 g3 c6 Bg2 h6 Nf3 e5 d3 Bf5 Bd2 Nf6 Nh4 Bh7 O-O g5 Nf3 Be7 Ne1 Nfd7 e4 h5 h3 Bg6 Qc1 f5 Qd1 f4 Qb3 Nc5 Qc2 fxg3 fxg3 Nbd7 b4 Ne6 Ne2 Qb6+ Kh2 h4 g4 Nf4 Nxf4 gxf4 Nf3 O-O-O Rab1 Nf6 a4 Qc7 Rfc1 Qd7 Rg1 Kb8 Bf1 Nh7 a5 Ng5 Be2 a6 Nxg5 Bxg5 Bf3 d5 cxd5 cxd5 Qc5 dxe4 Qxe5+ Ka8 Qxg5 exf3 Qxg6 f2 Rgf1 f3 Bf4 Rdf8 Bd6 Rhg8 Qh6 Rd8 Rxf2 Qxd6+ Qxd6 Rxd6 Rxf3 Rgd8 Rd1 Rd4 g5 Rxb4 g6 Rg8 Rf6 Rb2+ Kh1 Rb5 d4 Rxa5 d5 Rc5 d6 Rc6 Rg1 Ka7 g7 a5 Rf8 Rc8 Rxc8 Rxc8 g8=Q Rxg8 Rxg8 a4 d7,A10,English Opening,1
1679CyqT,True,1502914902908.0,1502915770665.0,96,outoftime,black,10+0,balikoevsd,1931,loukas435,1790,e4 d6 d4 Nf6 Bd3 g6 Ne2 Bg7 O-O O-O c4 Nfd7 f4 e5 fxe5 dxe5 d5 Nc5 Bc2 a5 Nbc3 Bg4 h3 Bxe2 Nxe2 Nbd7 a3 Qh4 Nc3 Nf6 Qe2 Nh5 Rf3 Ng3 Qe1 Nf5 Qxh4 Nxh4 Rf2 g5 g3 Ng6 Bxg5 Rae8 Raf1 f6 Be3 Nd7 Nb5 Rc8 b4 axb4 axb4 c6 Nd6 Rc7 Bb6 Nxb6 c5 Nc8 Bb3 Kh8 Nf5 Rd7 d6 b6 h4 Rfd8 Be6 Ra7 h5 Nf8 Bxc8 Rxc8 h6 Bxh6 Nxh6 Nd7 g4 bxc5 bxc5 Nxc5 Rxf6 Nxe4 Re6 c5 Nf5 Ng5 Rxe5 c4 Ne7 c3 Nxc8 Ra8 d7 Nf7,B07,Pirc Defense,4
wP21dJIn,True,1473690000000.0,1473690000000.0,50,mate,black,5+8,fox26666,1294,swaltersson,1804,e4 e5 Nf3 Nc6 Nc3 Nf6 Bc4 Bc5 d3 h6 O-O d6 b4 Bxb4 Qd2 Bc5 Re1 O-O Nd5 Nxd5 exd5 Nd4 Nxe5 dxe5 Rxe5 Re8 Re4 Rxe4 dxe4 a6 Bb2 Nb5 Qf4 Qe7 Bxb5 axb5 Re1 Rxa2 Bc3 Rxc2 Be5 Bxf2+ Kf1 Bxe1 Kxe1 Qb4+ Kd1 Qb1+ Qc1 Qxc1#,C50,Italian Game: Giuoco Pianissimo |  Italian Four Knights Variation,9
ad9N5et8,True,1484621855725.0,1484622819104.0,58,mate,black,10+0,ydnydn,1461,eder98765,1455,e4 e5 Qf3 Nc6 Nc3 d6 Bb5 Bd7 Nge2 Nf6 d4 exd4 Nd5 Nxd5 exd5 Ne5 Qg3 Bxb5 f4 Nd7 Nxd4 Qe7+ Be3 Ba6 Nf5 Qf6 Bd4 Qxf5 O-O-O O-O-O Rhe1 Nf6 Bxa7 Ne4 Qe3 Re8 Rd4 Nf6 Qd2 Rxe1+ Qxe1 b6 c4 g6 b4 Bg7 b5 Re8 Qd2 Ne4 Rxe4 Qxe4 bxa6 Qxc4+ Qc2 Re1+ Kd2 Qe2#,C20,King's Pawn Game: Napoleon Attack,3
nVlVhgF1,True,1443240000000.0,1443240000000.0,66,resign,black,15+0,arquerosolo,1697,elcidestaron,1770,e4 e6 d4 d5 e5 c5 c3 Nc6 Nf3 Bd7 Bg5 Qb6 Bc1 Nge7 a4 Nf5 Na3 a6 g4 Nfe7 dxc5 Qxc5 Be3 Qa5 b4 Qc7 b5 Nxe5 b6 Nxf3+ Qxf3 Qxc3+ Ke2 Qxa1 Nc2 Qxa4 Nd4 Bb5+ Ke1 Qa1+ Kd2 Bxf1 Nc2 Qa5+ Kd1 Bd3 Bc5 Qxc5 Qxd3 Ng6 Re1 Bd6 Nd4 O-O h4 Ne5 Qd2 Nc4 Qc3 Rac8 Ke2 Be5 Kd3 Bxd4 Qxd4 Qxd4+,C02,French Defense: Advance Variation |  Euwe Variation,10
27EQVgSY,True,1495959835864.0,1495960638786.0,85,mate,white,10+0,apalin,1902,jossit,1706,e4 c5 Nf3 Nc6 c3 e5 Bc4 h6 O-O Nf6 d3 Be7 a4 a6 h3 O-O Be3 Na5 Ba2 b5 axb5 axb5 Na3 Ba6 Nxe5 d6 Ng6 Re8 Nxe7+ Rxe7 f4 Qc7 b4 Nb7 Qf3 Rae8 Nc2 Nd8 Bxf7+ Kxf7 Rxa6 cxb4 Nxb4 Qxc3 Rb1 Nb7 Bf2 Nd7 Nd5 Qc2 Qd1 Qxd1+ Rxd1 Ndc5 Nxe7 Nxa6 Nd5 Nac5 Nc7 Re7 Nxb5 d5 Bxc5 Nxc5 e5 Ke6 Nd4+ Kd7 Kf2 Rf7 Ke3 g5 g3 gxf4+ gxf4 Rg7 Kf3 Ne6 Nxe6 Kxe6 Ra1 Kf5 Ra6 h5 Rf6#,B30,Sicilian Defense: Old Sicilian,4
NwBz5JK1,True,1502990137786.0,1502990555823.0,45,resign,black,10+0,curvyhat,1810,jasthewas,1700,e4 e5 Nf3 Nc6 Bc4 Bc5 c3 Nf6 d3 h6 b4 Bb6 a4 a6 Nbd2 d6 h3 Be6 Bb3 O-O Bc4 d5 exd5 Nxd5 Qb3 Nf4 O-O Bxc4 Nxc4 Qxd3 Ncxe5 Nxe5 Nxe5 Ne2+ Kh1 Qf5 Nf3 Rfe8 Ba3 Nf4 Kh2 Nxh3 Nh4 Qg4 g3,C53,Italian Game: Classical Variation |  Giuoco Pianissimo,9
VI2cow8L,True,1503128742738.0,1503129230678.0,23,resign,white,15+15,ciji,1506,mrjv,1476,d4 Nf6 c4 e6 Nc3 d5 Bf4 Nc6 Nf3 Bd6 Be5 Bxe5 dxe5 Ng4 cxd5 exd5 Qxd5 Be6 Qe4 O-O Rd1 Qe7 Nd5,D35,Queen's Gambit Declined: Harrwitz Attack,7
HFffVCEe,True,1493924711881.0,1493925473306.0,70,mate,black,10+0,andreastorch,1029,ekko99,1753,Nh3 e5 f4 exf4 Nxf4 Qh4+ g3 Qf6 Bg2 Ne7 b3 d5 Bb2 Qxb2 Nc3 Qa3 Ncxd5 Nxd5 Nxd5 Be6 Qc1 Qc5 c4 g6 Nxc7+ Qxc7 O-O Bg7 Rb1 Bf5 e4 Qc5+ Kh1 Be6 e5 Nc6 Bxc6+ Qxc6+ Kg1 Rc8 d4 Bh3 d5 Qc5+ Kh1 Bxf1 Qxf1 Bxe5 Rd1 O-O h4 Bxg3 Rd3 Bxh4 Rf3 Rce8 Qh3 Re1+ Kg2 Re2+ Kf1 Rfe8 Qxh4 Re1+ Kg2 R8e2+ Kg3 Qg1+ Kf4 Re4#,E00,Amar Opening,1
vp2hfyqH,True,1486920000000.0,1486920000000.0,45,mate,white,15+0,nano51,1513,misfox,1197,d4 e6 c4 Nf6 Nf3 d6 Bg5 h6 Bxf6 Qxf6 Nbd2 e5 Ne4 Qe6 dxe5 dxe5 e3 Qg6 Nc3 a5 Nxe5 Qe6 Qd5 Qd6 Qxf7+ Kd8 Qf4 Qe7 Nd5 Qb4+ Nc3 Qxb2 Rd1+ Bd6 Nf7+ Ke7 Nd5+ Kf8 Nxd6+ Kg8 Qf7+ Kh7 Bd3+ Bf5 Bxf5#,E10,Indian Game: Anti-Nimzo-Indian,5
wtfZlRGa,True,1478460000000.0,1478460000000.0,23,resign,white,30+0,turgaycanoglu,1553,smartguy101,1008,e4 e5 Nf3 d6 h4 Nc6 c3 Nf6 Ng5 Nxe4 Nxe4 f5 Ng3 f4 Ne4 d5 Ng5 h6 Qh5+ g6 Qxg6+ Ke7 Qf7+,C41,Philidor Defense #2,4
RyXZUOxL,True,1396158429073.0,1396159323775.0,117,mate,white,10+15,vladimir-kramnik-1,1595,fruztasi,1583,e4 e5 Nf3 Nc6 Bb5 Qf6 Nc3 a6 Ba4 b5 Bb3 Nge7 Nd5 Qd6 d3 Na5 Bd2 Nxb3 axb3 Nxd5 exd5 Qxd5 O-O Bb7 Rfe1 d6 d4 f6 Bf4 Be7 dxe5 Qxd1 Raxd1 dxe5 Bg3 Bxf3 gxf3 O-O f4 exf4 Rxe7 fxg3 hxg3 Rf7 Rxf7 Kxf7 Rd7+ Kg6 Rxc7 h5 Rc5 f5 f3 Kh6 Rxf5 g6 Rc5 Rd8 Kg2 Rd2+ Kh3 Rf2 f4 Rd2 Rc3 Rd1 Rc6 Rb1 Rxa6 Rxb2 Rc6 b4 g4 hxg4+ Kxg4 Rb1 Rc4 Rg1+ Kf3 Rf1+ Kg2 Rc1 Kf3 Kh5 Rc5+ Kh4 Rc4 Kh3 Ke4 Kg3 Kd5 Kf3 Kc5 Rxc2 Rxc2 Kxf4 Kxb4 g5 Kc4 g4 b4 Ke5 b5 Kd6 Rg2 Kc7 Rxg4 Kb6 Rg6+ Kc7 Kc5 Kb7 b6 Kb8 Kc6 Kc8 Rg8#,C60,Ruy Lopez,5
hV6rTsnf,True,1504300000000.0,1504300000000.0,33,resign,white,15+0,oggy04,1930,apis16,1850,e4 c5 Nf3 Nc6 d4 cxd4 Nxd4 e5 Nb5 d6 c4 a6 N5c3 b6 Nd5 Nf6 Nbc3 Be6 Bg5 Be7 Bxf6 gxf6 Qa4 Bd7 Qa3 Nd4 O-O-O b5 Nxe7 Kxe7 Nd5+ Ke6 Qh3+,B32,Sicilian Defense: Kalashnikov Variation,10
BGjZxy4P,True,1458860000000.0,1458860000000.0,118,resign,black,12+10,alanogier,1838,jdbarger,1846,d4 d5 Bf4 e6 Nf3 c5 c3 Nc6 e3 Bd7 Bd3 Qb6 Qc2 Nge7 O-O Ng6 Bg5 c4 Be2 Be7 Nbd2 O-O e4 dxe4 Nxe4 Qc7 Bxe7 Ngxe7 Nc5 Ng6 Bxc4 b6 Nxd7 Qxd7 Bb5 a6 Ne5 Nxd4 Nxd7 Nxc2 Nxf8 Nxa1 Nxg6 hxg6 Bd3 Rd8 Be4 f5 Bb1 Rd2 f4 Rxb2 Bd3 Nc2 Bxc2 Rxc2 g3 Rxc3 Re1 Kf7 a4 Ra3 Rb1 Rxa4 Rxb6 a5 Rb7+ Kf6 Rb8 g5 Rf8+ Kg6 fxg5 Kxg5 h4+ Kg6 Re8 Kf7 Ra8 Ra1+ Kh2 a4 Kh3 a3 Kg2 a2 Ra5 Kf6 Ra8 Kg6 Ra6 Kh5 Ra3 g5 hxg5 Kxg5 Ra4 e5 Ra3 e4 Ra8 e3 Rg8+ Kf6 Rf8+ Ke7 Ra8 e2 Ra7+ Kd6 Ra6+ Kc7 Re6 e1=Q Rxe1 Rxe1 Kf2 a1=Q,D00,Queen's Pawn Game: Mason Attack,3
jpVeDbUQ,True,1487482199605.0,1487483185269.0,55,resign,white,10+0,rsv,1767,juanma206,1713,g3 e5 Bg2 d5 e3 Nc6 Ne2 Nf6 O-O Bc5 b3 O-O Bb2 Bf5 d4 exd4 Nxd4 Nxd4 exd4 Bb6 Nc3 Ne4 Nxe4 dxe4 Re1 Re8 a4 a5 c4 Qd7 c5 Ba7 Rc1 Qd5 Qd2 Rad8 Qxa5 Bb8 Qb5 b6 c6 Qxb5 axb5 Rd5 Bf1 h6 Bc4 Rd6 Re3 Kf8 Rce1 Rdd8 Kg2 f6 Ba3+,A00,Hungarian Opening,1
pzqKLpeT,True,1396271924303.0,1396272766550.0,85,resign,black,9+0,diogen613,1867,tori92,1968,e4 e5 Bc4 Nc6 Nc3 Bc5 Nf3 Nf6 d3 d6 Bg5 h6 Bh4 Be6 Bd5 Bxd5 Nxd5 g5 Bg3 Nxd5 exd5 Ne7 c4 Nf5 O-O Nxg3 hxg3 Qe7 b4 Bb6 a4 a5 c5 dxc5 d4 cxd4 Rfe1 O-O bxa5 Rxa5 Rxe5 Qd6 Qe2 Rxd5 Rxd5 Qxd5 Re1 Ra8 Qe7 Qd6 Qe4 Qc6 Qf5 Qg6 Qg4 f5 Ne5 fxg4 Nxg6 Rxa4 Ne5 h5 Nd7 Ba5 Re5 d3 Nc5 d2 Rxg5+ Kf7 Nxa4 d1=Q+ Kh2 Qxa4 Rxh5 Be1 f3 gxf3 Rf5+ Kg6 Rxf3 Qg4 Rd3 Bf2 Rd6+,C50,Italian Game: Giuoco Pianissimo |  Canal Variation,11
Ajfuq7uC,True,1501250000000.0,1501250000000.0,51,resign,white,10+0,michaelfield,1749,macuv,1716,e4 e5 Nf3 Nc6 Bc4 Bc5 c3 d6 d4 exd4 cxd4 Bb4+ Nc3 Nf6 O-O h6 e5 dxe5 dxe5 Qxd1 Rxd1 Nd7 Nb5 Ba5 b4 Bb6 a4 Nxb4 a5 Bc5 Nxc7+ Kd8 Nxa8 Re8 Bxf7 Rf8 Bg6 Ke7 Nc7 b6 axb6 Bxb6 Nd5+ Nxd5 Rxd5 Bb7 Ba3+ Kd8 Rxd7+ Kxd7 Bxf8,C53,Italian Game: Classical Variation #2,7
qoVcDKtj,True,1502698392894.0,1502699047994.0,59,mate,white,15+0,sarthakmanna,1821,aziz1353,1620,e4 c6 d4 Qc7 Nf3 Nf6 e5 Nd5 c4 Nb4 a3 N4a6 Nc3 b6 Bd3 d6 Bf4 Nd7 exd6 exd6 O-O Be7 Qe2 Nf6 Bg5 O-O c5 Nb8 Ne4 dxc5 Bxf6 Bxf6 Nxf6+ gxf6 dxc5 b5 Nh4 Qf4 g3 Qg5 Nf3 Qg7 Nd4 Bh3 Rfd1 a5 Qh5 Be6 Nf5 Bxf5 Bxf5 Na6 h4 Nxc5 Rd4 Nb3 Rg4 Qxg4 Qxh7#,B12,Caro-Kann Defense,3
nslqDgw1,True,1495260000000.0,1495260000000.0,67,resign,white,10+0,izzlanfarischess,2021,leoilan,1921,e4 e5 Nf3 c6 Nxe5 Qe7 d4 f6 Nf3 Qxe4+ Be2 d5 O-O Ne7 Re1 Qg6 Ne5 Qf5 Bh5+ g6 Bg4 fxe5 Bxf5 Bxf5 Rxe5 Bg7 Re2 Nd7 Bg5 Bf6 Bxf6 Nxf6 Qe1 Ng8 Nd2 O-O-O Nb3 Re8 Nc5 b6 Na4 Kd7 Qb4 Nf6 Rae1 Nc8 Rxe8 Rxe8 Rxe8 Kxe8 Qe1+ Kf7 Nc3 Bxc2 Ne2 Nd6 Nf4 Bf5 f3 g5 g4 Bd7 Nh5 Kg6 Nxf6 Kxf6 Qe5+,C40,King's Pawn Game: Gunderam Gambit,4
WlQbikSp,True,1503324733187.0,1503325804925.0,53,outoftime,white,10+0,hypnowar,1459,dinobzik,1191,e4 c5 Nf3 d6 Bc4 Bg4 O-O Nc6 h3 Bxf3 Qxf3 Nf6 c3 e5 Re1 Be7 d4 exd4 cxd4 cxd4 Bb5 O-O a4 Ne5 Qd1 a6 Bf1 Qd7 Qxd4 h6 Nc3 Qxh3 Re3 Qe6 Nd5 Rac8 Bc4 Nfg4 Nb6 Nxe3 Bxe6 Nc2 Qd5 fxe6 Qxe6+ Rf7 Nxc8 Nc6 Rb1 Bh4 Nxd6 Bxf2+ Kh1,B50,Sicilian Defense,4
zl3icEvw,True,1503834169859.0,1503835613213.0,67,outoftime,white,12+0,tchicota51,1042,jayaram,1159,b3 e5 Bb2 e4 d3 d5 Nd2 Nf6 d4 Ng4 h3 Nh6 e3 Qf6 Ne2 Bb4 a3 Bxd2+ Qxd2 Qb6 Nc3 Be6 g3 Nf5 Bg2 c6 O-O Nd7 a4 a5 Rae1 Nf6 g4 Nh4 Bh1 Qc7 f4 Bd7 Ba3 Be6 Qf2 Ng6 Bg2 Qd7 f5 Bxf5 gxf5 Ne7 Qg3 O-O-O Bc5 Nxf5 Qe5 Rhe8 Qf4 Nh6 Ba7 Qc7 Qg5 Rg8 h4 b6 Bh3+ Nd7 Bxd7+ Rxd7 Rf4,A01,Nimzo-Larsen Attack: Modern Variation #2,3
LH2TmTAI,False,1463850000000.0,1463850000000.0,27,resign,white,8+0,evan_h1234,1328,wolt95,1500,e4 e5 Nf3 Nc6 Nc3 a6 d3 Nf6 Be2 Bb4 Bd2 Nd4 Nxe5 Nxe2 Qxe2 c5 Qf3 d6 Nd5 Qa5 Nc4 Bxd2+ Nxd2 Bg4 Nxf6+ gxf6 Qxg4,C46,Three Knights Opening,5
WKr0hmzw,True,1468006841922.0,1468007369021.0,52,mate,black,10+0,raposaakatsuki,1543,wellsaid,2087,d3 d5 g3 e5 Bg2 Nf6 Nc3 Bb4 a3 Ba5 b4 Bb6 e3 O-O Nf3 Qd6 O-O Nc6 Bb2 a6 d4 exd4 exd4 Re8 Na4 Ba7 Re1 Rxe1+ Qxe1 Bf5 Rd1 Bxc2 Rd2 Bxa4 Qe3 Re8 Qd3 Ne4 Ng5 Nxg5 Re2 Rxe2 Qxe2 Nxd4 Bxd4 Bxd4 Bxd5 Qxd5 h4 Bc6 Kf1 Qh1#,A00,Mieses Opening,1
Eo1mkUHl,True,1490170000000.0,1490170000000.0,21,mate,white,20+0,icecreamdealer,1756,bookrey,1569,e4 e5 Nf3 Bc5 c3 Nf6 d4 exd4 cxd4 Bb4+ Nfd2 Nxe4 Qg4 O-O Bd3 d5 Qh5 Bxd2+ Bxd2 Nxf2 Qxh7#,C40,King's Pawn Game: Busch-Gass Gambit,4
GuXycHvD,False,1503110289328.0,1503112100972.0,52,outoftime,black,10+15,anonymous_enemy,1500,lance5500,2621,Nf3 Nf6 d4 g6 c4 Bg7 Nc3 O-O e4 c5 d5 e6 Bd3 exd5 cxd5 d6 O-O Bg4 h3 Bxf3 Qxf3 Nfd7 Qg3 Qe7 f4 Na6 a3 Nc7 Be3 b5 Nxb5 Nxb5 Bxb5 Rab8 Bxd7 Qxd7 f5 Rxb2 f6 Bh8 Bf4 Bxf6 Bxd6 Bd4+ Kh1 Rb6 Bxf8 Bxa1 Bxc5 Qb5 Qf2 Rf6,E60,King's Indian Defense: Normal Variation |  King's Knight Variation,5
GlTzWj5E,True,1501660000000.0,1501660000000.0,46,draw,draw,7+5,jobwoge,1356,kyanh,1491,e4 d5 e5 Bf5 d4 e6 Nc3 c5 Bd3 Bxd3 Qxd3 cxd4 Qxd4 Nc6 Qd3 Nxe5 Qg3 Bd6 Bf4 Qf6 Ne4 dxe4 Bxe5 Qxe5 Qxe5 Bxe5 O-O-O Ne7 f3 exf3 Nxf3 Bf6 Rhe1 O-O Kb1 a5 a3 b5 Nd4 Nd5 Nxb5 Rfb8 c4 Nc3+ bxc3 Bxc3,B01,Scandinavian Defense,2
I7zIMTCS,False,1401313425356.0,1401313659524.0,25,resign,white,15+10,whzgud,1636,taborluna,1417,h3 e5 a3 d5 Nc3 d4 Ne4 Bf5 Ng3 Bg6 h4 h5 e3 c5 Nf3 Bd6 exd4 cxd4 Bb5+ Nd7 Qe2 a6 Nxe5 axb5 Nxg6+,A00,Creepy Crawly Formation: Classical Defense,4
ROPmLYZ9,True,1484750000000.0,1484750000000.0,71,mate,white,20+10,federermagic01,2099,mailsupriya,1829,Nf3 d5 g3 Nf6 Bg2 e6 O-O Bd6 d3 O-O Nbd2 Nbd7 e4 dxe4 dxe4 Ne5 Nxe5 Bxe5 Nf3 Nd7 Nxe5 Nxe5 f4 Nc6 Be3 e5 Qe2 exf4 gxf4 f5 Qc4+ Kh8 Rad1 Qe8 e5 Qe6 Bd5 Qg6+ Kh1 Re8 Bf7 Be6 Bxe8 Bxc4 Bxg6 Bxf1 Bxf5 Be2 Rd7 Rf8 Bd3 Bxd3 cxd3 Rc8 Kg2 Nb4 e6 Nc6 Kf3 Kg8 Bd2 Kf8 Bc3 g6 Ke4 Ke8 Rxh7 Nd8 Bf6 Nc6 Rh8#,A08,King's Indian Attack,4
euwMMEPI,True,1501130000000.0,1501130000000.0,125,outoftime,white,15+0,warriorwarrior,1832,baranornarli,1773,e4 c5 c4 Nc6 d3 e6 Nf3 Qc7 Nc3 a6 Be2 Nf6 h3 Be7 Be3 b6 Qd2 Bb7 Bf4 d6 Bh2 e5 Ng1 Nd4 f4 exf4 Bxf4 Nd7 g4 Bh4+ Kd1 Ne5 Bxe5 dxe5 Nf3 Nxf3 Bxf3 Rd8 Kc2 g5 Rhf1 O-O Bg2 Rd7 Rf6 Rd6 Raf1 Rxf6 Rxf6 Qe7 Rxb6 Qc7 Na4 Rb8 Qa5 Bf2 Rxa6 Qxa5 Rxa5 Rc8 Nb6 Rc7 Nd5 Bxd5 exd5 Rd7 a3 Kf8 b4 cxb4 axb4 Bb6 Ra6 Bd4 b5 Ke7 Be4 h6 Rxh6 Ra7 Ra6 Rc7 b6 Rb7 Ra7 Rxa7 bxa7 Bxa7 Kb3 Kd6 Kb4 Bc5+ Kb5 f6 Bf5 Bd4 Kb4 Bc5+ Kc3 Bd4+ Kd2 Bc5 Ke2 Bd4 Kf3 Bc5 Kg3 Bd4 h4 gxh4+ Kxh4 Bc5 Kh5 Bd4 Kg6 Kc5 Kxf6 e4+ Ke6 e3 Be4 e2 d6 e1=Q d7,B20,Sicilian Defense: Staunton-Cochrane Variation,3
IpKibsWt,False,1503808494291.0,1503809463195.0,70,resign,black,10+0,yotastrejos,1461,aleph00,1833,e4 e5 Nf3 Nf6 Nc3 Bb4 Bc4 d6 O-O O-O d3 h6 Bd2 Be6 Bxe6 fxe6 a3 Ba5 b4 Bb6 h3 Nc6 Qe2 Nd4 Qd1 Qe7 Be3 Rf7 Bxd4 exd4 Nb5 a6 Nbxd4 e5 Nf5 Qd7 a4 Kh7 a5 Ba7 c3 g6 N5h4 Raf8 d4 Nxe4 dxe5 Qe6 Qd3 d5 c4 c6 cxd5 cxd5 Rad1 g5 Qxd5 Qxd5 Rxd5 gxh4 e6 Re7 Re5 Nxf2 Rxf2 Rf6 Nxh4 Bxf2+ Kh2 Bxh4,C42,Russian Game: Three Knights Game,5
OyrT2wgH,True,1487699780193.0,1487700376715.0,64,mate,black,10+0,siberiav2,1806,sugarmike,2009,e4 g6 Bc4 Bg7 d4 e5 d5 d6 Nf3 Ne7 Nc3 a6 a3 b5 Ba2 Bg4 h3 Bd7 Be3 a5 O-O O-O Ne2 f5 exf5 gxf5 Bg5 h6 Bh4 Qe8 Nd2 Qh5 Bxe7 Rf7 Bd8 Na6 Bxc7 Nxc7 Ng3 Qh4 Nf3 Qe7 Nh5 Bh8 c3 Kh7 Qc2 e4 Nd4 Qg5 Ng3 Rg8 Rae1 Be5 Ndxf5 Bxf5 Qe2 Nxd5 Bxd5 Bxg3 Bxf7 Bh2+ Kh1 Qxg2#,B06,Modern Defense: Bishop Attack,5
GdsL7EpR,True,1482663091638.0,1482663554914.0,53,resign,white,30+0,verylongusername,2154,klud,2010,e4 c5 c3 e6 d4 d5 exd5 exd5 Nf3 Nf6 Bd3 c4 Bc2 Bd6 O-O O-O Bg5 Bg4 h3 Bh5 b3 b5 a4 b4 bxc4 dxc4 Bxf6 Qxf6 Be4 Qf4 Re1 Nd7 Bxa8 Bxf3 Qxf3 Qh2+ Kf1 Nf6 Nd2 Bf4 Nxc4 Qh1+ Ke2 Re8+ Ne3 Qh2 Rh1 Rxe3+ fxe3 Qg3 Qxf4 Qxg2+ Bxg2,B22,Sicilian Defense: Alapin Variation,3
iNSQRrQt,True,1503930000000.0,1503930000000.0,60,resign,black,15+15,sainaambrose,1622,gordonshimm,1842,e4 e6 d4 d5 e5 c5 c3 Nc6 Nf3 Bd7 g3 Qc7 Bg2 Be7 O-O f6 Re1 O-O-O Na3 a6 Bf4 g5 exf6 gxf4 fxe7 Ngxe7 Ne5 fxg3 fxg3 Be8 Nd3 cxd4 Nc5 Qb6 Nxe6 dxc3+ Kh1 cxb2 Rb1 Bg6 Nxd8 Rxd8 Nc2 d4 Re6 d3 Na3 d2 Nc4 Qd4 Rxb2 Qxc4 Rxd2 Qxe6 Bxc6 Nxc6 Rxd8+ Nxd8 Qxd8+ Kxd8,C02,French Defense: Advance Variation |  Euwe Variation,10
8asCyucM,True,1495807868086.0,1495813289239.0,201,draw,draw,30+15,lbringer,1665,ardacankurt,1526,d4 d5 c4 c6 Nc3 e6 cxd5 cxd5 Bf4 Nc6 e3 Bd7 Bd3 Be7 Nf3 Nf6 h3 O-O O-O Re8 Nh2 Bf8 f3 Nb4 Bb1 Nc6 e4 dxe4 fxe4 e5 Be3 Bd6 dxe5 Bxe5 Nf3 Bc7 Bc2 Nb4 Bb3 Nxe4 Bxf7+ Kxf7 Qb3+ Be6 Ng5+ Kg8 Nxe6 Bh2+ Kxh2 Qd6+ Nf4+ Kh8 Rad1 Qe7 Rd4 Nxc3 bxc3 Nxa2 Qxa2 Qxe3 Qd2 a5 Re1 Qxe1 Qxe1 Rxe1 Nd5 a4 Nb6 Rb8 Nxa4 Rc1 Nc5 Rxc3 Nxb7 Rcc8 Nd6 Rc6 h4 h6 Nf5 Rf8 Rd5 Rcf6 g4 Kh7 h5 R8f7 Kg3 g6 hxg6+ Kxg6 Nh4+ Kh7 g5 hxg5 Rxg5 Rh6 Rf5 Rxf5 Nxf5 Rg6+ Kf4 Ra6 Ke5 Kg6 Nd6 Ra5+ Ke6 Kg5 Nc4 Rc5 Nd6 Ra5 Nc8 Kf4 Kd6 Ke4 Ne7 Ra6+ Kc5 Kd3 Nc6 Ra8 Kd5 Rh8 Ne5+ Ke3 Nc4+ Kd3 Nb2+ Kc2 Na4 Rh4 Nc5 Kc3 Ke6 Rh5 Kd6 Kc4 Nd7 Kd4 Ke6 Rh6+ Nf6 Ke3 Ke5 Kf3 Nd5 Rh4 Ne7 Re4+ Kf6 Rf4+ Ke6 Rh4 Kd5 Rh5+ Ke6 Ke4 Kf6 Ra5 Ke6 Ra6+ Kd7 Ke5 Nc6+ Kf5 Ne7+ Kg5 Kc7 Ra7+ Kd6 Ra5 Kc6 Kf6 Kd6 Ra6+ Nc6 Kf7 Kc5 Ke6 Kb5 Ra3 Nb4 Kd6 Na6 Kd5 Nb4+ Kd6 Na6 Kd7 Nb4 Kc7 Na6+ Kb7 Nb4 Rh3 Kc4 Rh4+ Kb3,D31,Semi-Slav Defense: Accelerated Move Order,6
BWPCyxLM,True,1474930000000.0,1474930000000.0,64,mate,black,10+0,chees29,1158,lagrandevero,1306,e4 Nc6 d4 Nb4 Na3 c6 d5 d6 dxc6 Nxc6 Bb5 h5 Nf3 Bg4 e5 a6 Bxc6+ bxc6 exd6 exd6 Bg5 f6 h3 Qe7+ Kf1 Be6 Be3 Rb8 Ba7 Rxb2 Qc1 Rb5 Nxb5 cxb5 Rb1 Bc4+ Kg1 Qxa7 Nd2 d5 Nxc4 dxc4 g4 Bc5 a4 Bxf2+ Kf1 hxg4 axb5 g3 bxa6 g2+ Kxg2 Nh6 Qd1 Nf5 Rf1 Nh4+ Kh2 Qb8+ Kh1 Qg3 Rg1 Qxh3#,B00,King's Pawn Game: Nimzowitsch Defense,3
2x3Fxia3,True,1500157713739.0,1500158453442.0,70,resign,black,10+2,denisgodunov,1565,voltimand,1536,e4 e5 d4 exd4 c3 d3 Qxd3 Bc5 Nf3 Nc6 Qc4 d6 Ng5 Qe7 b4 Bb6 a4 a6 a5 Ba7 Qb3 h6 Nf3 Qxe4+ Be2 Nf6 O-O O-O Re1 Qg6 Nh4 Qe4 Nf3 Ng4 Be3 Nxe3 Nbd2 Qe7 Bxa6 bxa6 fxe3 Re8 Nf1 Qf6 Kh1 Ne5 Nxe5 Qxe5 c4 Bb7 c5 Qg5 Ng3 Rab8 e4 h5 Ra2 h4 Nf5 Bxe4 Rae2 h3 Ng3 Bxg2+ Kg1 Bxc5+ bxc5 Rxb3 Rxe8+ Kh7,C21,Danish Gambit,5
qe2ckEEw,True,1443000000000.0,1443000000000.0,20,resign,white,15+5,satnot,1299,xamio,991,e4 e5 Qh5 Qf6 Nf3 Bc5 Nc3 Nh6 Nd5 Qc6 d3 b6 Bxh6 gxh6 Qxe5+ Qe6 Nxc7+ Kd8 Nxe6+ fxe6,C20,King's Pawn Game: Wayward Queen Attack,3
wmytcciw,True,1503180000000.0,1503180000000.0,74,resign,black,5+12,saviter,1744,quadrivium7,1801,e4 c5 Nf3 e6 d4 cxd4 Nxd4 a6 Nc3 Bb4 Bd2 Qc7 a3 Bc5 Nf3 Nc6 Bd3 Nf6 O-O O-O Re1 d6 Bg5 Ng4 h3 Nge5 Nxe5 Nxe5 b4 Nxd3 Qxd3 Ba7 b5 Bb6 Na4 Ba7 bxa6 bxa6 Rab1 Bb7 Red1 d5 exd5 Bxd5 g3 Rfb8 Bf4 e5 Qxd5 exf4 gxf4 Qxf4 Rxb8+ Qxb8 Nc5 Bxc5 Qxc5 Qc8 Qxc8+ Rxc8 Rc1 Kf8 Kg2 Ke7 Kf3 Rc3+ Ke4 Rxa3 c4 Rxh3 c5 Kd7 Rd1+ Kc6,B43,Sicilian Defense: Kan Variation |  Knight Variation,9
EqtKF11R,True,1488080000000.0,1488080000000.0,93,resign,black,20+15,kamaleon2016,1459,kevchod,1461,e4 c5 Bc4 e6 d3 Nc6 c3 Nf6 Bg5 Be7 Nf3 d5 exd5 exd5 Bb5 O-O Bxc6 bxc6 O-O Ba6 Ne5 Qd6 Re1 Rab8 Qa4 Rb6 c4 d4 Nd2 Qc7 Bxf6 Bxf6 Ng4 Bd8 Ne4 Bc8 h3 a6 Nxc5 Rxb2 Nxa6 Qf4 Re4 Qd2 Qxc6 Bxg4 Rxg4 Qxf2+ Kh2 h5 Rg3 Bh4 Qe4 Bxg3+ Kh1 Qxg2+ Qxg2 Rxg2 Kxg2 h4 Nc5 Re8 Ne4 Bc7 a4 Rb8 a5 Rb3 a6 Rb2+ Kh1 f5 Ng5 Rb8 Ne6 Bb6 c5 Ba7 Nxd4 Bxc5 Nxf5 Kh7 Nxh4 Bd4 Nf5 Bxa1 Ne7 Ra8 Kg2 Rxa6 Kf3 Ra7 Nd5,B20,Sicilian Defense: Bowdler Attack,3
XuE3LprK,False,1504436661682.0,1504440549237.0,146,resign,black,25+10,tanjerry,1977,sudebala,1816,c4 c5 g3 d6 Bg2 g6 Nc3 Nf6 d3 Bg7 e4 O-O Nge2 Nc6 O-O Bd7 f4 a6 h3 Rc8 g4 h6 Be3 e6 Qd2 b6 f5 g5 Ng3 e5 Bf3 Qc7 Nge2 Rb8 a4 Nd4 Ra3 Nxf3+ Rxf3 b5 axb5 axb5 cxb5 Bxb5 Rb3 Bc6 Ra3 Ra8 Qc2 Rxa3 bxa3 Ra8 a4 Qa5 Bd2 Bxa4 Qa2 Bc6 Qxa5 Rxa5 Rf2 Ra8 Kh2 Bf8 Kg3 Be7 Rh2 Nd7 Kf3 Ra1 h4 Kg7 Ng3 gxh4 Nh5+ Kh7 Ke2 Bg5 Be1 Rc1 Bd2 Rc2 Nb1 Nb6 Kd1 Ba4 Ke1 Rb2 Nc3 Bc2 Rh3 c4 Bxg5 hxg5 dxc4 Nxc4 Nf6+ Kh6 Ng8+ Kg7 Ne7 Rb3 Ned5 Bxe4 f6+ Kf8 Rh2 Bxd5 Nxd5 Rb1+ Kf2 Rb2+ Kg1 Rxh2 Kxh2 Ke8 Kg2 Kd7 Nc3 Ke6 Ne4 d5 Nxg5+ Kxf6 Nf3 Ne3+ Kg1 Nxg4 Nxh4 Kg5 Ng2 e4 Kf1 f5 Ke1 f4 Kf1 f3 Ne1 Kf4 Nc2 Kg3 Nd4 Nh2+ Ke1 f2+,A30,English Opening: Symmetrical Variation,2
ESD1eGPI,True,1492341712310.0,1492343840850.0,92,resign,black,15+15,jogo17,1655,f1v3,1604,e4 e5 g3 Nc6 Bg2 Nf6 d3 d6 Bg5 Be7 Bxf6 Bxf6 Nf3 Bg4 c3 Qd7 Nbd2 a6 h3 Bh5 g4 Bg6 Qe2 O-O-O O-O h5 g5 Be7 a4 f6 h4 fxg5 Nxg5 Bf6 f4 exf4 Rxf4 Ne5 Bh3 Ng4 Bxg4 hxg4 Rxg4 Rdf8 Nc4 d5 Ne3 Bh5 Nf5 Bxg4 Qxg4 Bxg5 Qxg5 Rf7 b3 dxe4 dxe4 Qe8 Re1 g6 Nh6 Rfh7 Qg4+ Qd7 Qxd7+ Kxd7 Rd1+ Kc8 Ng4 Rxh4 Nf6 Rh1+ Kg2 Rxd1 Kg3 Rd3+ Kf4 Rxc3 e5 Rf8 Kg5 Rxf6 Kxf6 Rxb3 Kxg6 Ra3 e6 Kd8 Kf7 Rf3+ Kg6 Ke8,C20,King's Pawn Game,2
bEf35R0X,True,1474050000000.0,1474050000000.0,33,resign,white,15+5,brane1974,1466,chees29,1303,e4 e5 Nf3 Nc6 Bb5 a6 Bxc6 dxc6 Nxe5 Qe7 d4 Qe6 O-O c5 Nc3 cxd4 Qxd4 c5 Qa4+ Bd7 Nxd7 b5 Nxb5 Kxd7 Nd4+ Ke7 Nxe6 Kxe6 Qc6+ Ke7 Qxa8 Nf6 Bg5,C68,Ruy Lopez: Exchange Variation,7
ZqBbsTmC,False,1462550000000.0,1462550000000.0,28,resign,black,35+3,antagui,1858,amirhossein2014,1701,e4 e6 d4 d5 Nc3 Bb4 exd5 exd5 Bd2 Nf6 Bd3 Nc6 Qe2+ Be6 Nf3 O-O O-O Re8 Be3 Bg4 h3 Nxd4 Qd2 Nxf3+ gxf3 Bxh3 Rfe1 d4,C01,French Defense: Winawer Variation |  Delayed Exchange Variation,7
63PiJLzL,True,1500709444404.0,1500711170288.0,70,mate,black,15+15,nichecorner,1706,laode_syahril,1983,d4 Nf6 Bf4 d5 Nf3 c5 Nbd2 cxd4 Nxd4 Nbd7 Bg3 e5 N4b3 Bd6 e3 Nb6 c4 dxc4 Nxc4 Bb4+ Nbd2 e4 a3 Bg4 Qc2 Bxd2+ Nxd2 Rc8 Qb1 Qd5 Be2 Bxe2 Kxe2 O-O Rd1 Rfd8 f3 exf3+ gxf3 Rd7 Ne4 Qc4+ Kf2 Qc2+ Qxc2 Rxc2+ Ke1 Nxe4 Rxd7 Nxd7 Rd1 Nef6 Be5 h5 Bc3 Rxh2 Rd4 h4 Kf1 h3 Kg1 Rg2+ Kh1 Rf2 Rf4 Nh5 Rf5 Ng3+ Kg1 Rg2#,D02,Queen's Pawn Game: London System,5
hYgldZgW,True,1503499080342.0,1503499284049.0,53,mate,white,15+0,chess-brahs,1990,arda2828,1678,Nf3 e6 g3 d5 Bg2 Nc6 O-O Nf6 d3 Bc5 Nc3 d4 Na4 e5 Nxc5 Bg4 Ne4 Nxe4 dxe4 Qf6 Bg5 Qg6 Bd2 Qxe4 Re1 O-O e3 Nb4 Bxb4 dxe3 Rxe3 Qxb4 Qe1 Qxb2 Nxe5 Bf5 Rb1 Qxa2 Bxb7 Rab8 Nc6 Rxb7 Rxb7 Qxc2 Ne7+ Kh8 Nxf5 Qxf5 Rxc7 Qa5 Re8 Qxc7 Rxf8#,A04,Zukertort Opening: Queen's Gambit Invitation,2
InpFyFEv,True,1498679678032.0,1498680623325.0,100,mate,black,20+0,superdivinus,1349,incompetentf,1267,e4 Nf6 Nc3 d5 d3 dxe4 Nxe4 Nxe4 dxe4 Qxd1+ Kxd1 e5 Nf3 Nc6 Bb5 Bg4 h3 O-O-O+ Ke1 Bxf3 gxf3 Nd4 Bd3 Nxf3+ Ke2 Nd4+ Ke3 g6 Rd1 Bh6+ f4 Bxf4+ Kf2 f5 Bxf4 exf4 exf5 Nxf5 Rd2 Rhe8 Bxf5+ gxf5 Rxd8+ Kxd8 Kf3 Kd7 Kxf4 Re2 Rd1+ Ke8 Kxf5 Rxc2 Re1+ Kf8 Kf6 Rf2+ Kg5 Rg2+ Kf4 Rxb2 h4 Rxa2 Rf1 Kg8 Kf5 c5 Kf6 Ra6+ Ke7 b5 h5 b4 Rg1+ Kh8 Kf7 h6 Rg8+ Kh7 Rg7+ Kh8 Kf8 Rf6+ Rf7 Rxf7+ Kxf7 a5 Kg6 a4 Kxh6 a3 Kg6 a2 h6 a1=Q Kf7 Kh7 Kf8 Kxh6 Kg8 Qg7#,B02,Alekhine Defense: Scandinavian Variation,4
i5ecUxVn,False,1497990000000.0,1497990000000.0,43,resign,white,15+15,releasethebats,2156,ianremsen,1621,d4 Nf6 Nf3 g6 g3 Bg7 Bg2 O-O O-O e6 c4 d5 b3 Ne4 Bb2 Nc6 Nbd2 Nxd2 Qxd2 Ne7 Rfe1 Nf5 Rad1 c6 Ne5 Bxe5 dxe5 Bd7 e4 Ng7 exd5 exd5 cxd5 cxd5 Bxd5 Bc6 Bxf7+ Kxf7 Qf4+ Ke8 Rxd8+ Rxd8 Qb4,A49,Indian Game: Przepiorka Variation,5
omCvfFPc,True,1491716372343.0,1491717358638.0,81,resign,black,10+5,arturfritz,1490,faridov,1317,e4 e5 Nf3 Nc6 Bc4 Nd4 Nxd4 exd4 O-O Bd6 Qf3 Nf6 Re1 Qe7 d3 O-O Bg5 Be5 h4 d6 Bxf6 Bxf6 g3 Be6 Bxe6 Qxe6 c3 dxc3 Nxc3 Bxc3 bxc3 c5 c4 b6 a4 a5 Rab1 Rab8 Red1 h6 d4 Qxc4 dxc5 dxc5 Rdc1 Qxa4 Qd3 Rfd8 Qb5 Qxb5 Rxb5 Rdc8 f4 Rc6 Kf2 Rd8 Kf3 g6 Kg4 Rd4 Re1 c4 h5 g5 fxg5 hxg5 Rxg5+ Kf8 Kf5 Re6 g4 c3 e5 c2 Rc1 Rd2 Ke4 Rc6 Ke3 Rd1 Rxd1,C50,Italian Game: Schilling-Kostic Gambit,6
74I5VB7k,True,1459980000000.0,1459980000000.0,141,mate,white,20+20,ahmedgomez,1445,mahmoud_safyan,1649,e4 e5 Bd3 Nf6 Nf3 Nc6 O-O Bc5 a3 Nd4 Nxe5 d6 c3 dxe5 cxd4 Bxd4 Qa4+ Bd7 Qb3 O-O Qxb7 Rb8 Qa6 Bc8 Qc4 Bb7 Nc3 a5 Rb1 Ba6 Qxa6 Bxc3 dxc3 Ra8 Qc4 c5 Bg5 h6 Bxf6 Qxf6 Qxc5 Rfc8 Qe3 a4 h3 Rab8 b4 axb3 a4 Rxc3 Rbc1 Qc6 Bb5 Rxe3 Bxc6 Re2 Bb5 Rxe4 f3 Rh4 Rb1 Rb4 Rfe1 f6 Re3 Rd8 Rbxb3 Rxb3 Rxb3 Rd1+ Kf2 Kf7 Bc4+ Ke7 Rb7+ Kd6 Rxg7 Ra1 Ra7 Kc5 Be2 Kb4 Rh7 Rxa4 Rxh6 f5 Rh5 f4 Rxe5 Ka3 h4 Ra8 g4 fxg3+ Kxg3 Rg8+ Kh3 Kb4 Re4+ Kc5 h5 Kd6 Kh4 Kd5 Bc4+ Kd6 Bxg8 Kd7 h6 Kd8 h7 Kc8 h8=Q Kb7 f4 Kc6 Qd4 Kc7 f5 Kb7 f6 Kc7 Qe5+ Kb7 Bd5+ Kb6 Rc4 Ka6 Bh1 Ka7 Qc7+ Ka6 Qd6+ Ka5 Qd5+ Ka6 Rc6+ Kb7 Qd7+ Kb8 Rc8#,C20,King's Pawn Game: Tortoise Opening,3
s2d0qppI,True,1504439630976.0,1504442651573.0,116,resign,black,20+10,viktor4545,1729,spiteknight,1639,e4 c5 c3 d6 a4 Nf6 f3 Nc6 Bb5 e5 c4 a6 Bxc6+ bxc6 d3 Be7 Nc3 Rb8 b3 Be6 Bd2 O-O Bg5 Rb7 Nge2 d5 Bxf6 Bxf6 Rb1 dxc4 bxc4 Rd7 Nc1 Bxc4 Rb2 Qa5 Qc2 Rfd8 O-O Bxd3 Nxd3 Rxd3 Nd1 Rd2 Qb3 h6 Rxd2 Rxd2 Nf2 Qb4 Rb1 Qxb3 Rxb3 Ra2 g3 Rxa4 Rb6 Be7 Rxc6 Ra1+ Kg2 a5 Nd3 f6 Rc8+ Kf7 Rc7 Ke6 g4 a4 Rc6+ Kd7 Ra6 c4 Nb2 c3 Nxa4 c2 Nc5+ Bxc5 Rxa1 Ba3 Kh3 c1=Q Rxc1 Bxc1 Kh4 g6 Kg3 Ke6 Kf2 f5 gxf5+ gxf5 h4 fxe4 fxe4 Kd6 Kf3 Kc5 Kg4 Kd4 Kf5 h5 Kg6 Kxe4 Kxh5 Kf4 Kg6 e4 h5 e3 h6 e2 h7 Bb2,B22,Sicilian Defense: Alapin Variation,3
j4EdSb7P,True,1502940100267.0,1502940634427.0,2,resign,white,20+0,e_boechat,1409,sport2008,1723,e4 e5,C20,King's Pawn Game,2
Uapbd7hu,True,1501788797905.0,1501789614145.0,41,mate,white,12+5,nimanimanima,1477,zirom,1314,e4 e5 c4 b6 Nc3 Ba6 d3 Nf6 Nf3 Bb4 Bd2 O-O Nxe5 Qe8 Nf3 b5 a3 bxc4 axb4 cxd3 Bxd3 Bxd3 Bg5 Nxe4 Nxe4 Bxe4 O-O Nc6 b5 Nb4 Qa4 Nc2 Rac1 Nd4 Qxd4 f5 Rxc7 h6 Rxd7 hxg5 Qxg7#,C20,English Opening: The Whale,3
yVWSQ1jj,True,1500110749975.0,1500111551708.0,87,outoftime,white,10+0,yehia1978,1582,noobdude,1656,e4 e5 Bc4 Nc6 Qf3 Qf6 Qb3 Nd4 Qd3 Bc5 Nf3 Nxf3+ Qxf3 Qxf3 gxf3 Nf6 O-O c6 Nc3 a5 d3 h6 a4 d6 Be3 Ba7 Ne2 Ke7 Ng3 g6 d4 Be6 c3 h5 Bxe6 Kxe6 d5+ cxd5 exd5+ Nxd5 Bg5 f6 Bd2 Rhe8 Rae1 Nb6 f4 Nxa4 fxe5 Nb6 exd6+ Kxd6 Bf4+ Kc6 Rd1 Bb8 Be3 Bc7 b4 axb4 cxb4 Re5 Rc1+ Kd6 Bf4 Re8 Rfd1+ Nd5 Bxe5+ fxe5 Ne4+ Ke6 Rxc7 Nxc7 Rd6+ Kf5 Ng3+ Kg5 Ne4+ Kf5 Nc5 Kg5 Rd7 Ne6 Nxe6+ Rxe6 Rxb7,C23,Bishop's Opening,3
vsZOrrXx,True,1504335045335.0,1504337348298.0,55,outoftime,white,15+15,mrjv,1615,zabelin,1662,e4 e6 d4 b6 e5 Bb7 Nf3 h6 Bd3 g5 O-O g4 Nfd2 h5 Ne4 Nc6 Be3 Qe7 Qd2 Bh6 Bxh6 Nxh6 Nf6+ Kd8 Bh7 Nf5 Bxf5 exf5 c3 h4 Qg5 g3 fxg3 hxg3 Qxg3 Qf8 Rxf5 Ne7 Rg5 Ng6 Nd2 Qh6 Rh5 Qg7 Qg4 Bc8 Rxh8+ Qxh8 Rf1 d6 Qg5 Qh4 Qe3 Bb7 e6,C00,French Defense: Normal Variation,3
zuLspihP,True,1485590000000.0,1485590000000.0,40,mate,black,10+0,swagmeister9000,1499,rembrandt16,1501,c4 e5 a3 Nc6 Nc3 Nf6 e4 Bc5 h3 d6 d3 Qe7 Nce2 Nh5 b4 Bd4 Nxd4 Nxd4 Bb2 O-O Qxh5 Nc2+ Kd2 Nxa1 Bxa1 a5 c5 axb4 cxd6 Qxd6 Bxe5 Qc5 axb4 Ra2+ Ke1 Qxb4+ Bc3 Qxc3+ Kd1 Qa1#,A20,English Opening: King's English Variation,2
Au70Gxsz,True,1472289873948.0,1472290320875.0,62,resign,black,10+0,mikhail_riemann,1811,aletranger,1955,e4 e5 Nf3 Nc6 d4 exd4 Nxd4 Bc5 Nxc6 dxc6 Qxd8+ Kxd8 Nc3 f5 f3 Nf6 Bg5 Re8 O-O-O+ Bd7 exf5 Ke7 Bxf6+ gxf6 g4 h5 h3 Rad8 Ne4 Be3+ Kb1 Bxf5 Rxd8 Rxd8 Bd3 hxg4 hxg4 Bxe4 Bxe4 Ke6 Re1 Ke5 b3 Kf4 Rh1 Bd4 Rd1 Rd6 Rh1 Bc3 Kc1 a5 Rh7 Bd2+ Kb2 b5 Rxc7 b4 a3 Bc3+ Ka2 Rd1,C45,Scotch Game: Classical Variation,8
trSe0dmW,True,1503933778918.0,1503934172435.0,45,resign,white,8+0,ssf7,1903,pioner1813,1787,d4 g6 b4 Bg7 Bb2 b6 Nf3 e6 e3 Nc6 a3 a5 b5 Nce7 c4 c6 a4 cxb5 cxb5 Bb7 Be2 Rc8 Nbd2 Nf6 O-O O-O Ne5 Nfd5 Bf3 Bxe5 dxe5 Rc7 Bd4 Qb8 Qb3 Nb4 Bxb6 Rc2 Bxb7 Qxb7 Bxa5 Rxd2 Bxb4 Nf5 Bxd2,A40,Modern Defense,2
SPhc3n6O,False,1395966013984.0,1395966900710.0,57,mate,white,20+0,steelviper,1525,felipaoramon,1524,d4 Nf6 Nc3 g6 e4 d6 Nf3 Bg7 Bc4 O-O O-O Bg4 h3 Bxf3 Qxf3 Nbd7 Be3 Nb6 Bd3 e5 dxe5 dxe5 a4 a5 Bc5 Rfe8 Rfd1 Nbd7 Be3 c6 g4 Qc7 Bc4 h6 Bb3 Rad8 g5 hxg5 Bxg5 b5 axb5 cxb5 Rxd7 Rxd7 Bxf6 Bxf6 Qxf6 b4 Qxg6+ Kf8 Qh6+ Kg8 Kh1 Re6 Rg1+ Rg6 Rxg6#,B08,Pirc Defense: Classical Variation,8
XIifGbQz,True,1451050000000.0,1451060000000.0,39,mate,white,10+0,alexmalando,1758,oligo,1649,e4 e5 Bc4 Nc6 Nf3 Nf6 d3 Bc5 h3 b6 Nc3 O-O Bg5 Re8 O-O Bb7 Nd5 Kh8 Bxf6 gxf6 Nh4 Rg8 Qh5 Rg7 Nf5 Rxg2+ Kxg2 Qg8+ Qg4 Qxg4+ hxg4 Rg8 f3 Nd4 Nxf6 Rf8 Rh1 Nxf5 Rxh7#,C50,Italian Game: Giuoco Pianissimo |  Normal,8
3RT1kKyr,False,1496337754540.0,1496339993642.0,48,mate,black,35+1,hamza019,1500,lbringer,1663,e4 c5 Bc4 e6 b3 Nf6 e5 d5 Bb5+ Nfd7 Nf3 a6 Bd3 Nc6 c4 Ndxe5 Be2 g6 Bb2 Bg7 Qc2 Nb4 Qc1 Nxf3+ gxf3 d4 a3 d3 axb4 e5 Bxd3 Qxd3 Qc3 Bf5 bxc5 Rc8 Qb4 Qxf3 Rf1 Qe4+ Kd1 Bg4+ Kc1 Bf5 Qa4+ Kf8 Nc3 Qc2#,B20,Sicilian Defense: Bowdler Attack,3
YENY4PST,True,1405947325711.0,1405948613612.0,139,resign,white,0+15,athena1234,1370,voodooo,1226,e3 Nc6 Be2 d5 f3 e6 g3 f5 Nh3 g6 Kf1 h5 Kg1 g5 Kf1 g4 d3 gxh3 Bd2 f4 Nc3 Qe7 Rc1 Qf7 Ke1 fxe3 Bxe3 Qf6 g4 d4 Bxd4 Qxd4 Nb5 Qe3 Nxc7+ Kd8 Nxa8 Bb4+ c3 Ba5 b4 Bb6 a4 Nf6 Nxb6 axb6 b5 Ne5 d4 Nxf3+ Kf1 Nd2+ Ke1 Nf3+ Kf1 Nh4 Qd3 Qf4+ Ke1 Ne4 Rf1 Ng2+ Kd1 Ne3+ Ke1 Ng2+ Kd1 Nf2+ Rxf2 Qxf2 Qg6 Ne3+ Kd2 Nc4+ Kd1 Nb2+ Kd2 Nc4+ Kd1 Ne3+ Kd2 e5 Qg5+ Ke8 Qxe5+ Kd7 Qxe3 Qxh2 gxh5 Rxh5 Rf1 Kd8 Rf8+ Kc7 Qe7+ Kb8 Qd8 Qc7 Qxc7+ Kxc7 Rf7+ Kd8 Bxh5 h2 Rf1 Bh3 Rh1 Ke7 Rxh2 Bf5 c4 Kd6 Bf3 Be6 Rh6 Ke7 a5 bxa5 c5 a4 c6 bxc6 b6 Bc8 Rxc6 Kd7 b7 Bxb7 Rc4 a3 Bxb7 a2 Rc1 a1=R Rxa1 Kc7 Rc1+ Kxb7 d5,A00,Van't Kruijs Opening,1
Xp3fdQpq,False,1471991359659.0,1471991726920.0,40,mate,black,5+8,efrain662,1500,aboud,1365,Nf3 Nf6 Nd4 b6 e4 e5 Nf3 Nxe4 Nxe5 Qe7 Nc3 Nxc3 dxc3 Qxe5+ Qe2 Bd6 Be3 Bb7 Rd1 O-O g4 Bxh1 Bh3 Re8 Qf1 Qxh2 Bg2 Bxg2 Qe2 Bf4 f3 Rxe3 Rd3 Rxe2+ Kd1 Bxf3 Rxf3 Rd2+ Ke1 Qe2#,A04,Reti Opening #2,2
Dz0DCW8U,False,1500846954105.0,1500848427397.0,83,resign,white,15+0,koryakinrus,1715,vetlyansky,1721,e4 d5 exd5 Nf6 Nf3 Bg4 Be2 Nxd5 d4 Nc6 h3 Bh5 c3 Nf6 O-O e6 Nbd2 Qd7 Ne5 Nxe5 dxe5 Bxe2 Qxe2 Nd5 Ne4 O-O-O Be3 Kb8 Rad1 Qa4 c4 Be7 cxd5 exd5 b3 Qd7 Nc5 Bxc5 Bxc5 f5 e6 Qc6 Ba3 g5 e7 Rde8 Rfe1 g4 hxg4 fxg4 Qe6 Qb5 Qxd5 Qxd5 Rxd5 h5 Re4 c6 Rd3 Rhg8 Red4 Kc7 Re3 h4 Rde4 b6 Re6 c5 b4 Rg5 bxc5 bxc5 R6e5 Rxe5 Rxe5 h3 Bxc5 hxg2 Kxg2 Kd7 Kg3 a5 Kxg4,B01,Scandinavian Defense: Modern Variation #2,4
yihRly68,True,1504015659777.0,1504016233726.0,68,resign,black,10+0,amithchess,1550,mjkv90,1556,e4 e5 Nf3 d6 d4 f6 Bc4 a6 O-O Nc6 Nfd2 exd4 Nf3 Bg4 Bxg8 Rxg8 c3 Bxf3 Qxf3 dxc3 Nxc3 Qd7 Qh5+ g6 Qf3 Bg7 Nd5 Rf8 Re1 O-O-O Be3 Ne5 Qe2 f5 f4 Ng4 Rab1 fxe4 Bf2 Rde8 h3 Nxf2 Qxf2 Rf5 Qa7 Kd8 Qa8+ Qc8 Qxc8+ Kxc8 Red1 e3 Rbc1 e2 Rxc7+ Kb8 Re1 Bd4+ Kh1 Rxd5 Rxh7 Bf2 Rxe2 Rxe2 Rh8+ Ka7 Rg8 Bg3,C41,Philidor Defense,5
cyKB69VD,True,1504469306734.0,1504470092761.0,91,outoftime,white,8+0,belja,1949,meoc,1966,d4 d5 e3 e6 c4 c5 cxd5 exd5 dxc5 Bxc5 a3 Nf6 b4 Bb6 Bb2 O-O Qf3 Nbd7 Bb5 a6 Bxd7 Nxd7 Qg3 f6 Nd2 Bc7 Qh4 Ne5 Ngf3 Nc4 Nxc4 dxc4 O-O Be6 Nd4 Bf7 Rac1 Rc8 Rfd1 Qe8 Nf5 b5 Qg4 Bg6 Nd6 Bxd6 Rxd6 Rc6 Rxc6 Qxc6 Bc3 Re8 h3 Kf7 Rd1 Qe6 Qd4 Bd3 Re1 Re7 f3 Rd7 Qh4 Bg6 Bd4 Rd5 g4 h6 Qg3 Bd3 Kf2 Qc6 h4 c3 Rc1 c2 Bc5 Rd7 e4 Qe6 g5 hxg5 hxg5 g6 gxf6 Qxf6 e5 Qe6 f4 Qa2 Qg5,D00,Queen's Pawn Game #2,3
nPslE2mm,True,1504298387062.0,1504298620546.0,35,mate,white,10+0,networkchess2,1886,davifl10,1345,d4 e6 Nf3 d5 c4 dxc4 e3 Bd7 Bxc4 Ba4 Qxa4+ c6 Qc2 b5 Bd3 a6 Ne5 Bd6 Nxc6 Nxc6 Qxc6+ Ke7 Qb7+ Kf6 e4 Rb8 e5+ Bxe5 dxe5+ Kxe5 f4+ Kf6 Qe4 Ne7 Qe5#,D21,Queen's Gambit Accepted: Rosenthal Variation,6
747oYwWN,False,1477060000000.0,1477060000000.0,45,mate,white,30+30,ranchowangdu,1500,learn-chess,1259,c4 d5 e3 dxc4 Bxc4 Nc6 Nc3 Na5 Qa4+ c6 Be2 e6 b4 b5 Qxa5 Qd7 Ne4 Qd5 Bf3 Qd3 Nc5 Qd6 Bb2 f6 Rc1 e5 Na6 Bxa6 Bxc6+ Ke7 Bxa8 Kf7 Rc7+ Be7 Rxa7 Nh6 Rxa6 Qb8 Bd5+ Kf8 Ra8 Bxb4 Rxb8+ Ke7 Qc7#,A10,English Opening: Anglo-Scandinavian Defense,2
To8vAdxv,True,1503819455004.0,1503819660174.0,50,resign,black,10+0,anastasia2009,1558,keepertop,1962,e4 e6 d4 d5 exd5 exd5 Nf3 Nc6 Be2 Bd6 O-O Nge7 Ng5 h6 Nf3 O-O Nc3 Bf5 Nh4 Bh7 Bxh6 gxh6 Bh5 Ng6 Nxg6 fxg6 Bxg6 Bxg6 Qg4 Kh7 Nxd5 Bxh2+ Kh1 Qxd5 c3 Bd6 Qd7+ Rf7 Qh3 Raf8 f3 Bf5 g4 Bg6 g5 Qxg5 Rf2 Rf4 Raf1 Rh4,C01,French Defense: Exchange Variation,5
lir3E6fD,True,1504466322117.0,1504467247362.0,126,draw,draw,10+0,kamyar77,1917,bontakriks,1828,e4 c6 d4 d5 Nc3 dxe4 Nxe4 Bf5 Ng3 Bg6 h4 h6 Nf3 e6 Ne5 Bh7 Bd3 Bxd3 Qxd3 Nf6 h5 Be7 Ne4 O-O g4 Nxe4 Qxe4 Nd7 f4 Nxe5 Qxe5 Qd6 Qe4 Rfd8 c3 Qd5 Qxd5 exd5 g5 hxg5 fxg5 f6 gxf6 Bxf6 Bf4 Re8+ Kf2 Re4 Bg3 Rae8 Rae1 Rxe1 Rxe1 Rxe1 Kxe1 a6 Bf4 Kf7 Kf2 Bh4+ Kf3 Bf6 Kg4 Be7 Kf5 Bf6 Bg5 Bxg5 Kxg5 Kg8 Kg6 Kf8 h6 gxh6 Kxh6 Ke7 Kg6 Ke6 Kg5 Ke7 Kf5 Kd6 Kf6 Kd7 a4 Kd6 b3 c5 dxc5+ Kxc5 Ke5 Kc6 a5 Kc5 b4+ Kc6 Kd4 Kd6 c4 dxc4 Kxc4 Kc6 Kb3 Kb5 Kc3 Kc6 Kc4 Kc7 Kc5 Kb8 Kb6 Ka8 b5 Kb8 bxa6 bxa6 Kxa6 Ka8 Kb6 Kb8 a6 Ka8 Kc7 Ka7 Kd7 Kxa6,B18,Caro-Kann Defense: Classical Variation |  Main Line,11
3xUtXoB6,False,1475480000000.0,1475480000000.0,61,mate,white,7+5,jamiecampos,1406,gamingprof,1527,d4 d5 c4 Nf6 Nc3 e6 cxd5 exd5 e3 Bb4 a3 Bxc3+ bxc3 Ne4 Qa4+ Bd7 Qb4 Nc6 Qxb7 Nxc3 Bd2 Ne4 Bb5 Na5 Bxd7+ Qxd7 Qb4 Nxd2 Kxd2 Nc4+ Ke2 a5 Qc5 Qa4 Nf3 Nxa3 Rxa3 Qd7 Rb1 c6 Ne5 Qc7 Rb6 O-O-O Rxc6 Rd7 Nxd7 Kxd7 Rxc7+ Ke6 Rxa5 Rb8 Ra6+ Kf5 Qxd5+ Kg4 Qf3+ Kg5 Rc5+ Kh4 Qg3#,D35,Queen's Gambit Declined: Exchange Variation,7
wbSrd2Nq,True,1496164158902.0,1496164437187.0,32,mate,black,10+5,javichoo,1162,basakcesur,1830,e3 e5 d4 exd4 exd4 d5 Bb5+ c6 Be2 Nf6 Be3 Bd6 Nd2 Be6 Ndf3 Nbd7 Qd3 O-O O-O-O Qb6 Ng5 Bg4 f3 Bh5 g4 Bg6 Qd2 Bb4 c3 Ba3 bxa3 Qb1#,A40,Englund Gambit Declined |  Reversed French,3
cw4GR3q8,True,1405598479376.0,1405599635589.0,78,mate,black,15+0,--jim--,986,voodooo,1289,e4 d5 Nc3 d4 Nd5 Nf6 Nf3 Nxe4 Bb5+ c6 Bxc6+ Nxc6 d3 Qa5+ c3 dxc3 dxe4 cxb2+ Bd2 Qc5 Rb1 Qa3 O-O Qxa2 Nc3 Qa3 Bg5 Qxc3 Qd5 Be6 Qd1 Bb3 Qd2 Qc4 Rxb2 Rd8 Nd4 Rxd4 Rd1 Bxd1 Qe1 Qa4 Rxb7 Rxe4 Be3 e5 Qd2 Qa1 Kf1 Bf3+ Qe1 Bxg2+ Kxg2 Qxe1 Bxa7 Nxa7 Rb8+ Kd7 Rb7+ Ke8 Rb8+ Ke7 Rb7+ Ke6 Rb6+ Kd7 Rb7+ Kc6 Rxa7 Bc5 Ra6+ Kb7 Rb6+ Bxb6 f3 Qe2+ Kh3 Qxf3#,B01,Scandinavian Defense,2
IthMAfmc,True,1504277234818.0,1504277990509.0,63,resign,white,10+0,gkhnkrdmr,1375,sndf,1269,e4 e5 Nf3 f6 d4 exd4 Nxd4 c5 Nb3 Qe7 Be3 Nc6 Bxc5 d6 Be3 Nh6 Bb5 Qxe4 Bxc6+ Bd7 Bxb7 Qxb7 O-O O-O-O Na5 Qe4 c4 Ng4 Nc3 Qg6 Bf4 Qh5 Nb5 g5 Bxd6 Bxd6 Qxd6 Bxb5 Qc5+ Kd7 Qxb5+ Ke7 Rfe1+ Kf7 Qb7+ Kg6 Qe4+ f5 Qe6+ Nf6 f3 Rde8 Qd6 g4 f4 Rxe1+ Rxe1 Qh4 Re6 Kh5 g3 Qh3 Rxf6,C40,King's Pawn Game: Damiano Defense,4
iLiMSfQw,True,1503948908305.0,1503950316726.0,106,mate,black,10+5,init9,1010,ucantcmeok,1730,d3 d5 e4 dxe4 dxe4 Qxd1+ Kxd1 Nf6 Nf3 Nxe4 Ke1 Nc6 Bb5 e6 Bxc6+ bxc6 Nc3 Nxc3 bxc3 Bc5 Rb1 Ba6 Nd2 Ke7 c4 Rab8 Nb3 Bxc4 Nxc5 Rxb1 Kd2 Rd8+ Kc3 Bxa2 f4 Rb5 Ba3 Kf6 Ra1 Bd5 Rd1 Kf5 g3 Rbb8 h3 Bg2 g4+ Kg6 Rg1 Bxh3 Ne4 f5 gxf5+ Kxf5 Ng5 Bg4 Nf7 Rd1 Rg3 Ra1 Be7 Kxf4 Rd3 Rd1 Bg5+ Kf5 Rg3 Ra1 Kd3 Ra3+ c3 Rf8 Nh6+ gxh6 Bxh6 Rd8+ Kc4 Rg8 Kc5 a5 c4 Rxg3 Kxc6 Bf3+ Kxc7 a4 c5 a3 c6 Bxc6 Kxc6 Rd3 Bf4 Rc8+ Kb7 Rc4 Bc7 a2 Kc8 Rdc3 Kd8 Rxc7 Ke8 Rb3 Kf8 Rb8#,A00,Mieses Opening,1
EKR53J06,True,1498005789200.0,1498006151319.0,33,resign,white,10+0,jialak,1538,snusumri,1669,e4 c5 Nf3 d6 d4 cxd4 Nxd4 Nf6 Nc3 a6 Bc4 e5 Nf3 Nc6 Ng5 Be6 Bxe6 fxe6 Nxe6 Qa5 Nxf8 Rxf8 Bd2 Nxe4 Nxe4 Qd5 Qe2 Nd4 Qd3 Nxc2+ Qxc2 Qxe4+ Qxe4,B90,Sicilian Defense: Najdorf |  Lipnitsky Attack,11
lvOjcQ1X,True,1503180000000.0,1503180000000.0,43,mate,white,10+0,smm1347,2003,bischopscup,1284,e4 c6 d4 d5 Nd2 Nf6 e5 Ne4 Nxe4 dxe4 c3 f5 f3 e6 fxe4 fxe4 Qg4 Qb6 Qxe4 Nd7 Bd3 c5 Ne2 cxd4 cxd4 Qxd4 Nxd4 Nc5 Qf3 Nxd3+ Qxd3 Bc5 Qb5+ Bd7 Qxc5 Rc8 Qd6 Rc6 Nxc6 bxc6 Bg5 h6 Qe7#,B12,Caro-Kann Defense: Modern Variation,5
d64SWOI4,True,1489970000000.0,1489970000000.0,47,mate,white,10+0,laughingman22,1636,cokyo,1601,e4 d5 exd5 Qxd5 Nc3 Qe5+ Be2 Bf5 Nf3 Qf6 d4 e6 O-O Qg6 Bd3 Bxd3 cxd3 Nd7 Qa4 Bd6 Nb5 O-O-O Nxa7+ Kb8 Nb5 Kc8 Bg5 f6 Nxd6+ cxd6 Rfc1+ Kb8 Bf4 e5 dxe5 fxe5 Be3 b6 Qc6 Qf6 Qc7+ Ka8 Rc3 Nc5 Ra3+ Na6 Rxa6#,B01,Scandinavian Defense: Mieses-Kotroc Variation,4
WDmTiKSU,True,1402087012102.0,1402088145929.0,53,mate,white,25+4,mohammad_baharan,1387,vytas123,1562,e4 b6 d4 Bb7 Nc3 e6 a3 h6 Nf3 Nf6 e5 Nd5 Nxd5 Bxd5 c4 Bb7 d5 exd5 cxd5 Bc5 b4 Be7 d6 cxd6 exd6 Bf6 Rab1 O-O Bb5 Rfe8+ Be3 Bc3+ Nd2 Bxg2 Rhg1 Bc6 Qa4 Bxd2+ Kxd2 a6 Bxc6 dxc6 Bf4 b5 Qb3 Re4 Qg3 Nd7 Bxh6 Qf6 Bxg7 Qxg7 Qxg7#,B00,Owen Defense,2
iwzSRzJc,False,1499560000000.0,1499560000000.0,42,resign,white,8+2,johnv,1477,tidalbutt,1413,e4 d6 Nf3 g6 Nc3 Nf6 d4 c6 Be3 Bg4 h3 Bd7 e5 dxe5 dxe5 Nd5 Qd2 Nxc3 Qxc3 Bg7 O-O-O O-O Qd2 Qc7 Bf4 a6 e6 Bxb2+ Kxb2 Qb6+ Ka1 Bxe6 Rb1 Rd8 Rxb6 Rxd2 Nxd2 Nd7 Rxb7 Rb8 Rxb8+ Nxb8,B07,Pirc Defense: Classical Variation #2,7
7dpio6EA,False,1497910000000.0,1497920000000.0,99,mate,white,10+10,lcover,1395,agentbouncyball,1367,e4 e5 Nf3 Nc6 d4 d6 d5 Nce7 Bb5+ Bd7 Bxd7+ Qxd7 Nc3 O-O-O O-O Kb8 Ng5 Nh6 Qf3 f6 Ne6 Rc8 Bxh6 gxh6 Qxf6 Ng6 Nxf8 Rcxf8 Qe6 Qxe6 dxe6 a6 b4 Re8 a4 Rxe6 b5 axb5 axb5 b6 Nd5 Nf4 g3 Nxd5 exd5 Ree8 Ra2 Kb7 Rfa1 Ra8 Rxa8 Rxa8 Rxa8 Kxa8 f4 exf4 gxf4 Kb8 Kf2 Kc8 Ke3 Kd8 Kd4 Ke7 Ke4 Kf6 f5 Kg5 h4+ Kf6 Kf4 Kf7 Kg4 Kf6 Kh5 Kxf5 Kxh6 Kg4 h5 Kf5 Kxh7 Ke5 Kg7 Kxd5 h6 Kc5 h7 Kxb5 h8=Q Kc6 Qe8+ Kb7 Qe4+ Ka6 c4 d5 Qxd5 c5 Qa8#,C44,Scotch Game,5
BAUyl1xj,True,1443010000000.0,1443010000000.0,40,resign,black,10+0,hebi,1374,mikael1998,1351,e4 e5 Nf3 Qf6 d4 d6 dxe5 dxe5 Bc4 Bc5 Bg5 Qd6 Nbd2 f6 Be3 Bxe3 fxe3 Qb6 Qe2 Qxb2 Qd1 Qc3 O-O Qxe3+ Kh1 a6 Re1 Qc3 Bxg8 Rxg8 h3 g5 Nb3 g4 hxg4 Rxg4 Nxe5 Qxe5 Qxg4 Bxg4,C40,King's Pawn Game: McConnell Defense,4
h1KejlrK,True,1486950000000.0,1486950000000.0,20,resign,black,10+0,jdy,1073,mig_bra,1313,e4 e5 f4 Nc6 Nf3 Nf6 Ng5 Qe7 Bc4 h6 Bxf7+ Kd8 Nc3 hxg5 Nd5 Qxf7 fxg5 Nxe4 d3 Nf2,C30,King's Gambit Declined |  Queen's Knight Defense,4
p61Ii6wV,True,1504297092088.0,1504297913851.0,85,resign,white,10+0,samoo1477,1737,loser69,1752,e4 c5 c3 d5 exd5 Qxd5 d4 Nf6 Nf3 cxd4 Be3 dxe3 Qxd5 Nxd5 Bc4 exf2+ Kxf2 Nf6 Na3 Nc6 Nb5 Ne4+ Ke2 Kd8 Rad1+ Bd7 Rd3 a6 Nbd4 e5 Nxc6+ bxc6 Nxe5 Nc5 Nxf7+ Kc7 Rdd1 Bg4+ Kf2 Ne4+ Ke3 Bc5+ Kxe4 Rhe8+ Kf4 Bxd1 Rxd1 Rf8 Kg4 Rae8 Ng5 h6 Ne6+ Rxe6 Bxe6 Re8 Rd7+ Kb6 Bf7 Re4+ Kf3 Re3+ Kg4 Re2 Kg3 Rxb2 Be6 g6 h3 Rc2 Rd3 Bf2+ Kh2 g5 a3 Bc5 c4 Re2 Rb3+ Kc7 Bg4 Bd6+ Kg1 Bg3 Bxe2,B22,Sicilian Defense: Alapin Variation |  Barmen Defense,6
xyg6aZX9,True,1402460567821.0,1402461675716.0,89,resign,white,10+0,msdigitall,1566,docboss,1558,d4 c6 Nc3 d5 Bf4 Bf5 e3 h6 Bd3 Qd7 Nf3 Bxd3 Qxd3 e6 Ne5 Qd8 O-O Nf6 h3 Bd6 f3 O-O Bg3 Nh5 Bh2 Qg5 g4 Nf6 Bg3 Nfd7 h4 Qf6 Nxd7 Nxd7 Bxd6 Rfe8 Bg3 Nb6 a4 Nc4 Rab1 Nb6 b3 Nd7 e4 Qd8 exd5 exd5 Rbe1 Qa5 Rxe8+ Rxe8 Re1 Nf6 Rxe8+ Nxe8 Qe3 Kf8 Ne2 Qb4 Kf2 a5 Bb8 Qa3 Ba7 Qb2 Bc5+ Kg8 Qxe8+ Kh7 Qxf7 Qxc2 Qxb7 Qd2 Qxc6 Qd1 Qxd5 Qh1 Qf5+ Kh8 h5 Qh2+ Ke3 Qc7 Nf4 Kg8 Ne6 Qh2 Qf8+,A40,Queen's Pawn,1
cywOBEY5,True,1503510000000.0,1503510000000.0,40,mate,black,15+1,moon50,1560,taranga,1270,d4 d5 c4 Nc6 Nc3 Nf6 e3 e6 Nf3 Bb4 Bd2 Bxc3 Bxc3 dxc4 Bxc4 Ne4 O-O Nxc3 bxc3 O-O Ne5 Nxe5 dxe5 Bd7 Qf3 Bc6 Qg4 b5 Bd3 Qxd3 Rac1 Qd5 Rfd1 Qxa2 f4 a5 f5 exf5 Qxf5 Qxg2#,D07,Queen's Gambit Refused: Chigorin Defense #2,5
SnCOFKWX,True,1502800000000.0,1502800000000.0,95,resign,black,5+9,divu7,1562,raudo1906,1715,d4 d6 c4 Nf6 Nf3 Bg4 e3 e6 Be2 c6 Qb3 Qc7 O-O Nbd7 Nc3 Be7 h3 Bh5 Re1 c5 Bd2 cxd4 Nxd4 Bxe2 Ncxe2 a6 Rac1 Nc5 Qd1 O-O Nf4 Nfe4 Bb4 Rad8 Bxc5 dxc5 Ndxe6 fxe6 Nxe6 Rxd1 Nxc7 Rxe1+ Rxe1 Nf6 Rd1 Rd8 Rc1 Rd6 f3 Bd8 Nd5 Nxd5 cxd5 Rxd5 e4 Re5 Rd1 Be7 Rd7 Kf7 Rxb7 Re6 b3 Rd6 Ra7 Rc6 Rb7 Kf6 e5+ Ke6 f4 a5 f5+ Kxe5 Rxe7+ Kxf5 Rxg7 c4 bxc4 Rxc4 Rxh7 Ra4 Ra7 Rxa2 h4 Kg4 Rh7 a4 h5 Kg5 g4 Kxg4 h6 Kg5 Ra7,A54,Old Indian Defense: Tartakower-Indian,6
e9iveKme,True,1497110000000.0,1497110000000.0,69,mate,white,10+5,meccanoidg15,2211,kishomat,1900,e4 e6 d4 d5 Nc3 c6 Qd3 Ne7 g3 Ng6 Bg2 Bb4 Ne2 Nd7 a3 Bd6 h4 a6 h5 Ne7 e5 Bb8 h6 g6 Bg5 O-O f4 f6 Bh4 Nf5 O-O-O Nxh4 gxh4 f5 Qg3 Rf7 h5 g5 fxg5 f4 Nxf4 Nxe5 dxe5 Bxe5 Rdf1 Qf8 Nce2 b5 g6 Rxf4 Nxf4 Qxh6 gxh7+ Kxh7 Qg6+ Qxg6 hxg6+ Kg7 Rh7+ Kg8 Nh5 a5 Re1 Bd4 c3 Bc5 Nf6+ Kf8 Rf7#,C10,French Defense: Paulsen Variation,5
xYEVgk0W,True,1503249886356.0,1503249964166.0,11,resign,white,10+0,piechess97,1290,thegrim123321,1371,e4 e5 Nf3 Nc6 Bb5 Nf6 d4 a6 Ba4 d6 d5,C77,Ruy Lopez: Morphy Defense |  Mackenzie Variation,9
j5DZ1XlO,True,1496916459983.0,1496917397768.0,141,resign,black,10+0,die_uhr,1799,georgezig,1832,d4 e6 e4 c6 c4 Bb4+ Bd2 Bxd2+ Qxd2 d6 Nc3 Nf6 Bd3 e5 d5 a6 Nf3 Nbd7 O-O O-O a4 c5 Ne2 Nb6 a5 Nbd7 b4 b6 Rfb1 cxb4 Qxb4 Nc5 Bc2 bxa5 Qxa5 Qxa5 Rxa5 Nfxe4 Bxe4 Nxe4 Ng3 Nc5 Rb6 Rd8 Nd2 f5 Nb3 Nxb3 Rxb3 f4 Ne4 Bf5 f3 Bxe4 fxe4 Rdc8 Rb4 Rc5 Rxc5 dxc5 Ra4 Kf7 Ra5 Ke7 Rxc5 a5 Rb5 a4 c5 a3 Rb1 Kd7 Kf2 a2 Ra1 Ra3 h3 h5 Ke2 h4 Kd2 g5 Kc2 Rg3 Rg1 Re3 Kb2 Re2+ Ka1 Rxe4 Kxa2 Rd4 Kb3 Rxd5 Kb4 Kc6 Rc1 e4 Ra1 Rxc5 Ra6+ Kd5 Ra8 Rc4+ Kb5 Rc2 Rd8+ Ke5 Re8+ Kf5 Rf8+ Kg6 Re8 e3 Kb4 Rxg2 Kc3 Rg3 Kd3 Rxh3 Ke2 Kf5 Rf8+ Kg4 Rf7 Rh2+ Kf1 Kf3 Rxf4+ gxf4 Kg1 Ra2 Kf1 Kg3 Ke1 f3 Kd1 h3 Ke1 h2 Kd1,C00,French Defense: Normal Variation,3
NrrjmNJ2,True,1500430000000.0,1500430000000.0,86,outoftime,black,10+0,adatene,1621,edjord24,1650,e4 c5 Nf3 d6 d4 cxd4 Nxd4 Nc6 Nc3 Nf6 Nxc6 bxc6 Bd3 g6 O-O Bg7 f4 O-O Be3 Bd7 f5 c5 h3 Bc6 g4 Qc7 g5 Nh5 Nd5 Bxd5 exd5 c4 Be4 Bxb2 Rb1 Be5 Qf3 c3 Rbd1 Qc4 Bd3 Qxa2 Ra1 Qb2 Rfb1 Qxa1 Rxa1 a5 Bb5 Rab8 Bd3 Ra8 Bb6 a4 Ra3 Nf4 Be4 Nh5 Bf2 Ng7 Be1 Nh5 Bxc3 Bxc3 Rxc3 a3 Rxa3 Rab8 Qd1 Nf4 f6 Nxh3+ Kg2 Nxg5 fxe7 Rfe8 Ra7 Nxe4 Qf3 f5 Qh3 Rb2 Kf3 Rxc2 Kf4 Rc4,B56,Sicilian Defense: Classical Variation,10
TqdAknba,True,1489339897024.0,1489340893345.0,80,outoftime,black,10+0,derspiegel,1741,viktor65,1880,e4 c5 Nf3 Nc6 d4 cxd4 Nxd4 e5 Nf3 Bc5 Nc3 d6 Bc4 Bg4 h3 Bxf3 Qxf3 Qf6 Qg3 h6 Nd5 Qg6 Nc7+ Kd8 Nxa8 Qxg3 fxg3 f6 Bd2 Nge7 O-O-O Kd7 a3 Rxa8 b4 Bf2 Be1 Bxe1 Rhxe1 g5 c3 f5 Bd5 fxe4 Bxe4 Rf8 Rf1 Rxf1 Rxf1 Ke6 g4 d5 Bf5+ Kd6 Bh7 e4 Rd1 Ke5 Kc2 Kf4 Rd2 Ne5 Rf2+ Kg3 Re2 Nc4 Kd1 a6 a4 Nc6 a5 N6e5 Kc2 Nd3 Kb3 Nf4 Rc2 Nxg2 Ra2 e3,B32,Sicilian Defense: Loewenthal Variation,8
6OZRJJLW,True,1503603286108.0,1503604091389.0,67,resign,black,11+5,azizhoca,1639,zhaska,1674,g3 e5 Bg2 d5 b3 c5 Bb2 Nc6 d3 f5 e3 Nf6 Ne2 e4 d4 Bd6 f4 O-O O-O Ng4 Qd2 cxd4 Bxd4 Nxd4 Nxd4 Bc5 c3 b6 h3 Nf6 b4 Bd6 a4 a5 b5 Bc5 Nc6 Qc7 Qe2 Bb7 Nd4 Ne8 Nxf5 Rxf5 g4 Rf8 h4 Rxf4 Rxf4 Qxf4 c4 Bxe3+ Kh1 Nf6 g5 Ng4 Bh3 Nf2+ Kg2 Nxh3 Kxh3 Bc8+ Kg2 Bg4 Qe1 Qf3+ Kh2,A00,Hungarian Opening,1
X00D1ff5,True,1490884601304.0,1490885672771.0,66,resign,black,10+15,dac23,1579,mikhail_riemann,1726,e3 c5 c3 d6 h3 Nc6 Nf3 Nf6 Na3 e5 Bb5 g6 Bxc6+ bxc6 Nc2 e4 Ng1 c4 Nd4 Bb7 Qa4 Qd7 Qxc4 Bg7 Nde2 d5 Qb4 a5 Qc5 Qc7 b3 Nd7 Qa3 Bf8 Qb2 Nc5 Qc2 Nd3+ Kf1 Ba6 c4 dxc4 bxc4 Bg7 Rb1 O-O Ba3 Rfe8 Nc3 Bxc4 Na4 Ne5+ Ne2 Bd3 Qb2 Rab8 Qxb8 Rxb8 Rxb8+ Qxb8 g3 Bxe2+ Kxe2 Qb5+ Ke1 Nf3+,A00,Van't Kruijs Opening,1
IMyqf8O6,True,1455120000000.0,1455120000000.0,51,resign,white,30+9,saitama_opm,1776,zeljko54,1888,d4 e6 e4 d5 Nc3 Bb4 exd5 Bxc3+ bxc3 Qxd5 Nf3 Nf6 Bd3 Qh5 Bf4 Nd5 Bd2 O-O O-O Nd7 a4 c5 a5 cxd4 cxd4 N7f6 Re1 Nd7 c4 Ne7 h3 Nc6 Bc3 Nf6 Qd2 Rd8 Rab1 e5 d5 Nd4 Nxe5 Ne6 dxe6 Bxe6 Rxb7 Rac8 Qe3 Qh6 Qxh6 gxh6 Re3,C01,French Defense: Winawer Variation |  Delayed Exchange Variation,7
xNeUwMhV,True,1502400000000.0,1502400000000.0,41,mate,white,15+15,yorashi,1300,tensors,1333,e4 c5 Nf3 d6 Bb5+ Bd7 Bxd7+ Nxd7 O-O Ngf6 d3 g6 c3 Bg7 d4 e5 Bg5 O-O Nbd2 h6 Be3 cxd4 cxd4 Qa5 Qc2 Rac8 Qb3 Rfe8 Rac1 Rxc1 Rxc1 b6 Rc7 exd4 Bxd4 Ne5 Bxe5 dxe5 Qxf7+ Kh7 Qxg7#,B52,Sicilian Defense: Canal Attack |  Main Line,6
yHEq1Acf,True,1495621975585.0,1495622830900.0,78,outoftime,black,5+8,trabizontsi,2001,iranmat89,1395,e4 c6 d4 d6 Nc3 Nf6 Nf3 Bg4 Bg5 Nfd7 Be2 f6 Bh4 g5 Bg3 Bh5 Nd2 Bg6 Bh5 Bg7 f4 gxf4 Bxf4 Nf8 O-O Nbd7 e5 fxe5 dxe5 Nxe5 Bxe5 Bxe5 Qf3 Qb6+ Kh1 O-O-O Bg4+ Kb8 Nc4 Qc5 Nxe5 dxe5 Qe2 Nd7 Rae1 Rhf8 Bxd7 Rxf1+ Rxf1 Rxd7 Rf8+ Kc7 h3 e4 Nxe4 Qe5 Nc3 Qxe2 Nxe2 Rd2 Nf4 Be4 Ne6+ Kb6 Nf4 Rxc2 Re8 Rf2 Rf8 Rxb2 Kh2 Kc7 Ne6+ Kd6 Nf4 Kd7 Rb8 e5,B07,Czech Defense,6
U3GLEkAY,False,1500140000000.0,1500140000000.0,21,resign,white,10+10,deadintheend,1708,aidenleahycrooks,1862,e4 e5 Bc4 Nf6 Nf3 d6 Ng5 Qd7 Bxf7+ Ke7 Be6 Qd8 Nf7 Qe8 Bxc8 Qxc8 Nxh8 Nxe4 Qh5 g6 Qxh7+,C42,Russian Game: Urusov Gambit,5
qUetu3Fa,False,1504461524016.0,1504461721585.0,33,resign,white,10+0,mastermax19,1678,taranga,1299,e4 e5 d4 exd4 c3 dxc3 Bc4 cxb2 Bxb2 Nf6 Nf3 Nxe4 Bxf7+ Kxf7 Qd5+ Ke8 Qxe4+ Qe7 Qxe7+ Bxe7 Nc3 Bb4 O-O-O Bxc3 Bxc3 d6 Rhe1+ Kd7 Ne5+ Kd8 Nf7+ Kd7 Nxh8,C21,Danish Gambit Accepted |  Classical Defense,10
e7r1ynaW,True,1412823248053.0,1412823491917.0,16,mate,black,9+0,pooperic,1199,snowden,1503,g3 e6 g4 d5 g5 Qxg5 Nf3 Qf6 Ng1 Bc5 f4 Qxf4 Nh3 Qh4+ Nf2 Qxf2#,A00,Hungarian Opening,1
URQXiYPn,True,1488298864731.0,1488299251348.0,40,resign,black,9+5,chapess,1451,khelil,1594,e4 e5 Nf3 Bc5 Bc4 d6 O-O Nf6 Nc3 O-O d4 exd4 Nxd4 Bg4 f3 Bh5 Bg5 h6 Bh4 g5 Bg3 Bxd4+ Qxd4 Bg6 Nd5 Nbd7 Be1 c5 Qc3 a6 Bg3 b5 Be2 b4 Qe3 Re8 Bxd6 Nxd5 Bxc5 Nxe3,C40,King's Pawn Game: Busch-Gass Gambit,4
gPx45sxb,True,1502412962469.0,1502414421102.0,93,resign,white,30+0,dima0628,1507,e_boechat,1448,e4 e5 a3 Nf6 Nc3 d6 Bc4 Be7 d3 h6 h3 Nc6 Be3 O-O g4 a6 Qf3 b5 Ba2 Bb7 h4 Bc8 g5 Ng4 gxh6 Nxe3 Qxe3 Nd4 O-O-O Bxh4 hxg7 Bg5 Rh8+ Kxg7 Rxf8 Kxf8 Qxg5 Qxg5+ Kb1 Bg4 f3 Nxf3 Nxf3 Bxf3 Rf1 Bg2 Rxf7+ Ke8 Bb3 Rd8 Nd5 Kxf7 Nxc7+ Kg6 Ne6 Qg3 Nxd8 Qe1+ Ka2 Qa5 Nc6 Qb6 Nb4 a5 Nd5 Qf2 a4 Bh3 axb5 Be6 Ne7+ Kg5 Bxe6 Qxc2 Bc4 Qa4+ Kb1 Qb4 Nd5 Qe1+ Ka2 Kg4 b6 a4 b7 a3 b8=Q Qd2 Qb3 Qxb2+ Qxb2 axb2 Kxb2,C26,Vienna Game: Mengarini Variation,5
y7Cqxzkx,True,1503970000000.0,1503970000000.0,98,resign,black,10+0,mobin1388,1788,arian95,2059,d4 d5 Nf3 Nf6 Nc3 Bf5 a3 e6 Bg5 Be7 Bxf6 Bxf6 e4 dxe4 Ne5 Bxe5 dxe5 Qxd1+ Rxd1 Nd7 Bb5 c6 Ba4 Nxe5 O-O Ke7 Rfe1 Rhd8 Rxd8 Rxd8 h3 Nc4 b4 Nxa3 Nxe4 Rd4 Ng3 Bxc2 Bxc2 Nxc2 Re2 Rd1+ Kh2 Nxb4 Rb2 a5 Ne2 f5 f3 g5 Nc3 Rc1 Na4 Rc2 Rb3 b5 Nb6 Nd5 Nxd5+ exd5 Re3+ Kd7 Re5 a4 Rxf5 a3 Rxg5 a2 Rg7+ Kd6 Ra7 b4 Rxh7 a1=Q Rh6+ Kc7 Rh7+ Kc8 Rh4 Qe5+ f4 Qe4 Rg4 Rf2 Rg8+ Kb7 Rg7+ Kb6 Rg4 Rxf4 Rg3 Rf2 Kg1 Qe1+ Kh2 Qe5 Kg1 Qxg3,D02,Queen's Pawn Game: Symmetrical Variation,4
MuCh08iO,True,1504384638410.0,1504385850473.0,73,draw,draw,10+0,azomio,1404,nevozmoznoe,1420,f4 d5 Nf3 c5 e3 c4 b3 cxb3 axb3 e6 Bb2 Nf6 Nh4 Nc6 Bb5 a6 g4 Bd7 g5 Ne4 Bd3 Nb4 Qe2 Nxd3+ Qxd3 Nc5 Qc3 Ne4 Qd4 f6 d3 Nxg5 fxg5 fxg5 Nf3 Qc7 c4 Bc5 Qxg7 O-O-O Qxg5 Rhf8 Be5 Qb6 Nbd2 Bxe3 Qg2 Qb4 Rb1 Bxd2+ Nxd2 Rf5 Qg3 Bc6 cxd5 Rxd5 Qg8+ Rf8 Qxe6+ Rd7 Qc4 Qe7 Qc3 Qh4+ Kd1 Qg4+ Kc2 Rf5 h3 Qe2 Rbe1 Qh5 Bg3,A03,Bird Opening: Dutch Variation,2
LHxwWi8s,True,1503481259265.0,1503481830609.0,79,mate,white,10+0,andrei80,1638,jarrydlee,1130,c4 e5 Nc3 d6 Nf3 Bd7 Nd5 c6 Nc3 d5 cxd5 Be6 dxe6 fxe6 Qb3 Nd7 Qxe6+ Be7 Qf5 b5 e3 Nh6 Qh5+ g6 Qxh6 Bf8 Qg5 Be7 Qg3 Nc5 Qxe5 Nd3+ Bxd3 Qxd3 Qxh8+ Kd7 Qxa8 Qc2 Qxa7+ Kd6 Qd4+ Ke6 Qe5+ Kd7 O-O Qf5 Qxf5+ gxf5 Ne5+ Ke6 Nxc6 Kd6 Nd4 Ke5 Ndxb5 Bb4 d4+ Ke6 a3 Kf6 axb4 f4 Ra6+ Kf5 e4+ Kg4 f3+ Kh5 d5 Kg5 d6 h5 d7 h4 d8=Q+ Kh5 Qf6 h3 Qh6#,A21,English Opening: King's English Variation,5
SBALXPMk,True,1495307686782.0,1495308191444.0,36,mate,black,30+5,labn,1460,sjeiben,1675,Nf3 d5 c4 dxc4 e3 Nf6 Bxc4 e6 O-O Be7 Nc3 a6 b3 b5 Bd3 Bb7 Bb2 O-O Qc2 c5 Ne5 Nc6 f4 Qc7 Rf3 Nxe5 Bxh7+ Nxh7 Rh3 Ng6 Ne4 Qc6 Rf1 f5 Ng5 Qxg2#,A09,Reti Opening: Reti Accepted,4
cqvcjaDD,True,1504386239488.0,1504387104777.0,121,outoftime,white,10+0,huskygaze3,1933,mastersalomon,1970,d4 Nf6 Nf3 g6 e3 Bg7 Bd3 O-O O-O b6 b3 Bb7 Bb2 d6 Nbd2 Nbd7 c4 Re8 Rc1 e5 Ne1 Qe7 Bb1 Nh5 Nd3 Qg5 d5 f5 e4 f4 Nf3 Qe7 Re1 Nhf6 Ng5 Nc5 Nxc5 bxc5 Ne6 Bc8 b4 cxb4 Qa4 Bxe6 dxe6 c5 a3 a5 Rcd1 Qxe6 Qc6 Red8 f3 Qd7 Qxd7 Rxd7 g3 g5 Kh1 h5 Rg1 Kf7 Rg2 Rb8 gxf4 gxf4 Rdg1 Kf8 Bc2 Bh8 Ba4 Rg7 Rd1 Rxg2 Kxg2 Ke7 axb4 Rxb4 Bb5 Rxb2+ Kh3 Nd7 Ra1 Rf2 Rxa5 Nf8 Ra7+ Kf6 Be8 Ne6 Rf7+ Kg6 Rxf4+ Kg7 Rf7+ Kg8 Rf5 Nf4+ Kg3 Rg2+ Kh4 Rg7 Bxh5 Kh7 Bg4 Nh5 Rxh5+ Kg8 Be6+ Kf8 Rxh8+ Ke7 Bf5 Kf6 Rh6+ Ke7 Rh7 Kf8 Rxg7 Kxg7 Kg5,A49,East Indian Defense,4
m0jemvqM,True,1465140568161.0,1465141683056.0,61,resign,black,30+30,guru200773,1725,osterzone,1637,e4 c5 Nf3 d6 d4 cxd4 Nxd4 g6 Be3 Bg7 Nc3 Nf6 f3 O-O Qd2 Nc6 h4 a5 Nxc6 bxc6 h5 gxh5 Bh6 Bxh6 Qxh6 a4 g4 hxg4 fxg4 a3 g5 axb2 Rb1 Qa5 gxf6 Qxc3+ Kd1 Bg4+ Be2 Qd4+ Ke1 Qc3+ Kf2 Qd4+ Kf1 Bxe2+ Kxe2 Qxe4+ Kf2 Qd4+ Kf1 Qxf6+ Qxf6 exf6 Ke2 Rfe8+ Kf3 Rxa2 Rbg1+ Kh8 Kg4,B77,Sicilian Defense: Dragon Variation |  Yugoslav Attack #2,16
8VCLmFoa,False,1490048343512.0,1490049852897.0,76,mate,black,15+1,alameldine,1508,vic_mark,1496,e4 c6 c3 d5 Bd3 dxe4 Bc2 Nf6 d4 Bf5 Ne2 e6 Bf4 Be7 Nd2 O-O h3 c5 g4 Bg6 h4 h6 g5 Ng4 gxh6 Nxh6 Bxh6 gxh6 h5 Bh7 Ng3 cxd4 Rg1 Kh8 Qe2 d3 Bxd3 exd3 Qe5+ Bf6 Qe3 Nd7 Nge4 Be7 O-O-O Qa5 Qxh6 Rg8 Rge1 Rac8 Nb1 Bg5+ Nxg5 Rxg5 Rxd3 Qxa2 Rxd7 Qxb1+ Kd2 Qc2+ Ke3 Re5+ Kf3 Rf5+ Kg4 Rc4+ Rd4 Rxd4+ cxd4 Qxf2 Qf8+ Bg8 Qd6 Qf3+ Kh4 Rxh5#,B10,Caro-Kann Defense,2
K3Zp2o2r,True,1504274928333.0,1504275972016.0,72,mate,black,9+6,sadra_cr7,1159,jayaram,1207,e4 e5 Nf3 d6 Bc4 Nc6 d3 a6 Ng5 Be6 Bxe6 fxe6 Qg4 Nf6 Qxe6+ Qe7 Nc3 Nd4 Qxe7+ Bxe7 O-O Nxc2 Rb1 Nb4 b3 Nxd3 Ne6 Kd7 Ng5 h6 Nf3 g5 Ne1 Nc5 Be3 Ncxe4 Nxe4 Nxe4 Rc1 c5 f3 Nf6 Nd3 e4 fxe4 Nxe4 Rce1 Nc3 Rf7 Nxa2 Bxc5 dxc5 Rexe7+ Kc6 Re6+ Kb5 Rf5 Rac8 Ree5 Rhf8 Rxc5+ Rxc5 Rxc5+ Kb6 Re5 Nc3 Re6+ Kb5 Rxh6 Ne2+ Kh1 Rf1#,C41,Philidor Defense #3,5
0OWYjmde,True,1503370000000.0,1503370000000.0,119,draw,draw,10+10,lequangtho,1852,thehutchtouch,1836,e4 c5 Nf3 Nc6 a3 d6 h3 Nf6 Nc3 e5 Bb5 Bd7 d3 a6 Bc4 Be7 O-O O-O Re1 b5 Ba2 Nd4 Nxd4 exd4 Ne2 Be6 Bxe6 fxe6 Nf4 Qd7 e5 dxe5 Rxe5 Bd6 Re1 e5 Ne2 Rae8 Ng3 Nd5 Ne4 Rf7 Qg4 Qe7 Bg5 Qf8 c4 bxc4 dxc4 Nb6 b3 Be7 Bd2 Bf6 Rac1 Rc8 f4 exf4 Bxf4 Rd8 Rf1 Qe7 Rce1 Qd7 Nxc5 Qxg4 hxg4 d3 Ne6 Rdd7 Rd1 Rfe7 Nc5 Bd4+ Kh1 Bxc5 b4 Be3 Bxe3 Rxe3 c5 Nc8 Rf3 Rxf3 gxf3 Kf7 Kg2 Ke6 Kf2 Ke5 Ke3 Ne7 Rxd3 Rxd3+ Kxd3 g6 a4 Kf4 Ke2 h5 gxh5 gxh5 b5 axb5 axb5 Ke5 f4+ Kd5 c6 Nxc6 bxc6 Kxc6 Kf3 Kd5 Kg3 Ke4 Kh4 Kxf4 Kxh5,B30,Sicilian Defense: Old Sicilian,4
fpy4l7uG,True,1499090000000.0,1499090000000.0,73,resign,white,15+10,vasyap,1826,ryan_duan_2,1900,e4 e5 Nf3 Nc6 Bc4 Nf6 Ng5 d5 exd5 Na5 Bb5+ c6 dxc6 bxc6 Be2 h6 Nf3 e4 Ne5 Bd6 Nc4 Nxc4 Bxc4 h5 h3 Bd7 Qe2 Qe7 Nc3 O-O d3 Rfe8 Bg5 exd3 Bxd3 Bb4 O-O Bxc3 Qxe7 Rxe7 bxc3 Re6 Bf5 Rd6 Bxd7 Nxd7 Rad1 Rxd1 Rxd1 Nb6 Rd8+ Rxd8 Bxd8 f6 Be7 Nd5 Bb4 a6 Ba5 Kf7 c4 Nf4 Kf1 Ne6 c3 Ng5 Ke2 Ke6 Kd3 Nf7 Kd4 Kd6 Bb4+,C59,Italian Game: Two Knights Defense |  Polerio Defense |  Suhle Defense,16
GoX2ZPqP,False,1495730000000.0,1495730000000.0,58,resign,black,25+0,jakubsagitario17,1504,patimonin,1612,e4 d5 exd5 Qxd5 Nc3 Qd8 Nf3 Nf6 d4 e6 Bc4 Bb4 Qd2 O-O a3 Ba5 b4 Bb6 O-O Nc6 Rd1 Qe7 Ne5 Nxd4 Na4 Nc6 Nxc6 bxc6 Nxb6 cxb6 Bb2 Bb7 b5 cxb5 Bxb5 Ne4 Qe3 Rac8 f3 Nf6 Bxf6 Qxf6 Bd7 Rxc2 Rab1 Qg6 g3 Qf5 Rd6 Bxf3 Rxe6 Rg2+ Kf1 Qxb1+ Qe1 Qxe1+ Kxe1 fxe6,B01,Scandinavian Defense: Mieses-Kotroc Variation,4
9DDP6azK,True,1476260000000.0,1476260000000.0,64,mate,black,10+0,kellyclarkson,1389,max_q,1561,e4 c6 Nf3 b5 Nc3 b4 Ne2 Ba6 Ng3 Bxf1 Nxf1 c5 Ne3 e6 O-O Nc6 d3 Nd4 Nxd4 cxd4 Nc4 a5 Bf4 h6 Bd6 Bxd6 Nxd6+ Ke7 Nb7 Qc7 Nxa5 Rxa5 Qg4 Rg5 Qh4 Nf6 f4 Rh5 Qg3 g5 e5 gxf4 Qxf4 Qxe5 Qf3 Rf5 Qb7 Rxf1+ Rxf1 Rb8 Qf3 Rb6 c4 bxc3 bxc3 dxc3 Qf2 Rb2 Qh4 Qe3+ Kh1 Qg5 Qd4 Qxg2#,B10,Caro-Kann Defense,2
8TIGVi1Y,False,1504209332802.0,1504209578530.0,24,resign,white,10+0,nikolas99,1764,thefrenchtactics,1365,e4 e6 Nf3 c5 Nc3 d5 e5 Nc6 d4 Qb6 Bb5 f6 O-O Bd7 Re1 O-O-O b3 cxd4 Nxd4 Nxd4 Bxd7+ Kxd7 Ne2 Bb4,B40,Sicilian Defense: French Variation,4
dEBJ6tNC,True,1504470935084.0,1504471508022.0,129,mate,white,10+0,mandre,2113,ridics,2120,d4 d5 f4 Nf6 Nf3 g6 e3 Bg7 Be2 O-O O-O Ne4 Nc3 c6 Nxe4 dxe4 Ng5 f5 Bc4+ Kh8 c3 Na6 Nf7+ Rxf7 Bxf7 e6 g4 Qf8 Bxg6 hxg6 gxf5 exf5 Bd2 Be6 Kf2 Nc7 h4 Qf6 Rh1 Bf7 c4 Bxc4 h5 Kg8 hxg6 Qxg6 Qc2 Bd3 Qc5 Ne6 Qa3 Qg4 Rh2 Qf3+ Kg1 Kf7 Qb3 Bf6 Qxb7+ Nc7 Qxc7+ Be7 Rh7+ Kg6 Qxe7 Qg3+ Kh1 Qf3+ Kh2 Qf2+ Kh3 Qf3+ Kh2 Qf2+ Kh3 Qf3+ Kh2 Qf2+ Kh1 Qf3+ Kh2 Qf2+ Kh3 Bf1+ Rxf1 Qxf1+ Kh2 Qf2+ Kh3 Qf3+ Kh2 Qf2+ Kh3 Qf1+ Kh2 Qf2+ Kh3 Qf3+ Kh2 Qe2+ Kg1 Qd1+ Be1 Qxe1+ Kg2 Qe2+ Kh1 Qf3+ Kh2 Qf2+ Kh1 Qe1+ Kh2 Qe2+ Kh1 Qf3+ Kh2 Qf2+ Kh1 Qe1+ Kh2 Qd2+ Kh1 Qd1+ Kh2 Qc2+ Kh3 Qc4 Qg7#,D00,Queen's Pawn Game,2
M3lOLm8y,False,1501687967410.0,1501689447397.0,57,resign,white,10+2,le_truand,2549,mamaduck,1337,e4 e5 Nf3 Nc6 d4 d6 dxe5 Bg4 exd6 cxd6 Nc3 Nge7 Be2 g6 O-O Bg7 Bf4 Ne5 Nxe5 Bxe2 Qxe2 dxe5 Qb5+ Nc6 Qxb7 Qc8 Qxc8+ Rxc8 Be3 a6 Nd5 O-O c3 Rb8 b3 a5 Rfd1 h5 Rd2 f6 Rad1 Rbd8 Ne7+ Nxe7 Rxd8 f5 Rxf8+ Bxf8 Bc5 fxe4 Rd7 Kf7 Bxe7 Bxe7 Rd5 Bg5 Rxe5,C44,Scotch Game,5
FtHfBw1B,True,1489800000000.0,1489800000000.0,43,outoftime,white,10+0,sigano,1170,littlekitty83,981,e4 e5 Nf3 Bd6 Nc3 Nf6 d3 O-O Bg5 h6 Bh4 c6 d4 Qa5 Bxf6 gxf6 d5 cxd5 exd5 e4 Nh4 Bb4 Qd2 Re8 a3 e3 fxe3 Rxe3+ Qxe3 Bxc3+ bxc3 b6 Qe8+ Kg7 Nf5+ Kg6 Ne7+ Kh5 Be2+ Kh4 Nf5+ Kg5 h4+,C40,King's Knight Opening,3
YFiQl73O,True,1458020000000.0,1458020000000.0,67,resign,white,10+0,hargle,1333,karsh,1302,e4 e5 Nf3 Nc6 Bc4 Bc5 O-O Nf6 Ng5 d5 exd5 Nxd5 Bxd5 Qxg5 d4 Bh3 dxc5 Bxg2 Bxg2 O-O Bxg5 Rad8 Bxd8 Rxd8 Qxd8+ Nxd8 Nc3 b6 cxb6 axb6 Ne4 Ne6 Rad1 g6 Ng5 Nxg5 Rd8+ Kg7 Bd5 c5 Rd7 b5 Re1 c4 Rxe5 h6 Ree7 Kf6 Bxf7 Nxf7 Rxf7+ Kg5 f4+ Kg4 Kg2 g5 h3+ Kh4 fxg5 hxg5 Rd4+ g4 hxg4 Kg5 Rf5+ Kh4 Kf3,C50,Giuoco Piano,6
eer8gigu,True,1388595621172.0,1388596071843.0,35,mate,white,25+0,serbondar,1854,andreas00,1162,e4 e6 Nf3 Nf6 e5 Nd5 c4 Nb6 Nc3 h5 d4 g6 Be2 Bh6 Bxh6 Rxh6 a4 Na6 a5 Nb4 axb6 cxb6 d5 exd5 cxd5 g5 d6 g4 Qd2 gxf3 Qxh6 Nc2+ Kd2 Nxa1 Qh8#,C00,French Defense: Knight Variation,3
heFyMi4G,True,1468520000000.0,1468520000000.0,36,mate,black,10+0,the_real_pine_tree,1203,audiot,1422,b4 e5 Nc3 d5 Nb5 Bxb4 Rb1 a5 Rb3 c6 Ba3 cxb5 Bxb4 a4 Rc3 d4 Rxc8 Qxc8 Bd6 Nc6 Nf3 Qe6 Nxe5 Nxe5 c3 Qxd6 cxd4 Qxd4 Qc2 Nf6 Qf5 O-O g4 Qa1+ Qb1 Qxb1#,A00,Polish Opening,1
NWivyayS,True,1488250000000.0,1488250000000.0,72,mate,black,15+15,cameronl86,1673,ianjf,1717,d4 d5 c4 e6 Nf3 Nf6 e3 c5 Nc3 cxd4 exd4 dxc4 Bxc4 a6 Qa4+ Bd7 Qd1 Bb4 a3 Bxc3+ bxc3 O-O O-O Qc7 Ne5 b5 Nxd7 Nbxd7 Bd3 Qxc3 Be3 Qc7 Rc1 Qa5 Qb3 Nb6 Rc5 Nbd7 Rc6 Rac8 Rfc1 Rxc6 Rxc6 Qe1+ Bf1 Ra8 Qc2 h6 Rc8+ Rxc8 Qxc8+ Kh7 Qxa6 Ng4 Qxb5 Nxe3 fxe3 Qxe3+ Kh1 Nf6 Bd3+ g6 a4 Qxd4 a5 Ng4 Be2 Nf2+ Kg1 Nh3+ Kf1 Qf2#,D30,Queen's Gambit Declined,4
3Vr7tPzZ,True,1488990000000.0,1488990000000.0,63,resign,white,20+0,oso_bucholz,2062,fairytales,2140,e4 e6 Nf3 d5 e5 b6 c4 Ba6 cxd5 Bxf1 Kxf1 Qxd5 Nc3 Qd3+ Kg1 Bc5 h3 Nd7 Kh2 Bxf2 Rf1 Bd4 Nxd4 Qxd4 Qf3 Qxe5+ Kh1 Ngf6 Qxa8+ Ke7 Qxa7 Nh5 Qa3+ Nc5 d4 Ng3+ Kg1 Qxd4+ Rf2 b5 Nd5+ exd5 Qxg3 Ne4 Qxc7+ Ke8 Qxf7+ Kd8 Qf4 g5 Qb8+ Ke7 Qc7+ Ke8 Qf7+ Kd8 Qf3 Nxf2 Qxf2 Qe5 Be3 Ke7 Bd4,C00,French Defense: Knight Variation,3
hvYZ5Kih,False,1492191094989.0,1492192060453.0,97,outoftime,white,8+0,flafel26,1584,zoma_80,1500,e4 c6 d4 d5 exd5 cxd5 Nc3 Nf6 Bg5 Nc6 Bb5 a6 Ba4 Be6 Nf3 h6 Bh4 b5 Bb3 g5 Bg3 Bg7 Ne5 Nxe5 dxe5 Nd7 Nxd5 Nxe5 O-O O-O Re1 Nc4 Bxc4 bxc4 Nc3 Qb6 b3 Bxc3 bxc4 Bxa1 Qxa1 Bxc4 Rb1 Qe6 a3 Bb5 Be5 f6 Bb2 Bc6 Re1 Qd5 f3 Qc5+ Kh1 Qxc2 Rc1 Qa4 Qa2+ Kg7 Qe6 Qb5 Qxe7+ Rf7 Bxf6+ Kg6 Qb4 Qxb4 axb4 Rxf6 g4 Bxf3+ Kg1 Re8 Kf2 Bc6+ Kg1 Re2 h3 Rff2 Rxc6+ Kf7 Rc7+ Ke6 Rc6+ Kd5 Rc5+ Kd4 Rf5 Rh2 Kf1 Ra2 Kg1 Rhc2 Rf1 Rg2+ Kh1,B13,Caro-Kann Defense: Exchange Variation,5
E1pnNfzn,False,1504020000000.0,1504020000000.0,25,resign,black,30+0,djl295,1543,kryptik,1517,e4 Nc6 Nf3 Nf6 Nc3 e5 Bc4 Bc5 Nd5 O-O c3 Nxe4 Qe2 Nd6 Nxe5 Nxe5 Qxe5 Re8 Qxe8+ Qxe8+ Kd1 Nxc4 Nxc7 Qe5 Nxa8,C50,Four Knights Game: Italian Variation,8
L2EdSOzt,False,1486574753945.0,1486575159471.0,43,mate,white,10+5,martbryde,1742,josephelbouhessaini,1218,e4 Nc6 d4 e6 e5 d5 exd6 cxd6 Nf3 Nb4 Nc3 Bd7 Be2 Rc8 O-O Be7 a3 Nc6 Bf4 Na5 Nb5 Bxb5 Bxb5+ Kf8 c3 Nb3 Qxb3 Nf6 Rae1 Nd5 Bg3 h5 Nd2 h4 Bc4 hxg3 fxg3 Nc7 Bxe6 Nxe6 Qxe6 Rc6 Qxf7#,B00,King's Pawn Game: Nimzowitsch Defense,3
4yLWnpCr,True,1487684764613.0,1487685494060.0,71,mate,white,8+0,larcher91,1634,juanma206,1698,e3 e5 b3 d5 Qh5 Nc6 Bb5 Bd6 Bb2 Nf6 Qg5 O-O Bxc6 bxc6 Bxe5 Bxe5 Qxe5 Ng4 Qc3 Qf6 f3 Ne5 Ne2 Ba6 d4 Ng6 Ng3 Rfe8 Nd2 Nf4 O-O-O Nxg2 Ngf1 Bxf1 Nxf1 Qxf3 Qxc6 Nxe3 Nxe3 Qxe3+ Kb2 Red8 Qxc7 Rac8 Qa5 Rd7 Rhe1 Qf2 Qa6 Qxc2+ Ka3 Kf8 Rc1 Qxc1+ Rxc1 Rxc1 Qb5 Rcc7 Qb8+ Ke7 Qb4+ Kf6 Qe1 a5 Qh4+ Kg6 Qg4+ Kf6 Qf4+ Ke6 Qe5#,A00,Van't Kruijs Opening,1
L2zk0Vft,False,1489876606380.0,1489883574593.0,69,draw,draw,5+60,lukarpov,1802,kastorcito,1500,e4 e5 Nf3 d6 d4 Nf6 dxe5 Nxe4 exd6 Bxd6 Nbd2 Nxd2 Qxd2 O-O Be2 Re8 O-O Bxh2+ Kxh2 Qxd2 Bxd2 Rxe2 Rfe1 Rxe1 Rxe1 Bd7 Re7 Bc6 Ne5 f6 Nxc6 Nxc6 Rxc7 Nd8 a4 Rb8 Be3 Ra8 b4 b6 c4 h5 c5 bxc5 Bxc5 a6 Ba7 Ne6 Rb7 Nd8 Rd7 Nc6 Bc5 Rb8 Rd6 Nxb4 Bxb4 Rxb4 Rxa6 Kh7 a5 Kh6 Ra8 g5 a6 Ra4 a7 Kg7 g3,C41,Philidor Defense: Nimzowitsch Variation,7
jR6WunAC,True,1504026082616.0,1504027684977.0,44,resign,black,15+15,mmblantn,1886,masquerade,1836,e4 e6 d3 d5 Nd2 Nf6 Ngf3 Be7 g3 b6 Bg2 Bb7 O-O c5 e5 Nfd7 Re1 Nc6 Nf1 Qc7 Qe2 h6 h4 g5 hxg5 hxg5 Nxg5 Ndxe5 Bf4 Bd6 c3 O-O-O b4 Ba6 bxc5 bxc5 c4 Nd4 Qd2 f6 Bxe5 Bxe5 Nf3 Nxf3+,C00,French Defense: King's Indian Attack,3
W5TyBb6p,True,1458710000000.0,1458710000000.0,92,resign,black,15+2,palaplay,1939,helderjacinto,2129,e4 e5 Nf3 f5 Nc3 Nc6 exf5 Nf6 Bb5 d6 O-O Bxf5 Re1 Be7 d4 exd4 Nxd4 Bd7 Bxc6 bxc6 Bg5 O-O Qe2 Re8 Qf3 d5 Ne6 Qc8 Nxg7 Kxg7 Rxe7+ Rxe7 Qxf6+ Kg8 Qxe7 Qe8 Qxe8+ Bxe8 Bf4 Rb8 b3 Bg6 Bxc7 Rb7 Bf4 Bxc2 Na4 Rg7 g3 Re7 Be3 Bf5 Rc1 Bd7 Bxa7 Re2 Ra1 Bf5 Be3 Kf7 Nc5 Ke7 b4 Kd6 Kf1 Bg4 h3 Bf3 a3 Ke5 Nb7 d4 Bf4+ Kd5 Na5 d3 Rd1 Kd4 Be3+ Kc3 Rc1+ Kb2 Rd1 Rxe3 fxe3 Bxd1 Nxc6 d2 Na5 Kc3 b5 Bf3,C46,Three Knights Opening: Winawer Defense,6
jRvDxm9x,True,1406361711170.0,1406362154193.0,51,resign,black,13+0,i_am_mariam,1395,pachiviris,1338,e4 e5 Nf3 Bc5 Nc3 c6 Bc4 Nf6 Nxe5 d5 Nd3 dxc4 Nxc5 b5 d4 Nbd7 Qh5 Nxc5 Qe5+ Ne6 d5 Ng4 Bg5 Nxe5 Bxd8 Kxd8 dxe6 Bxe6 Rd1+ Bd7 f4 Ng4 h3 Nh6 O-O Kc7 Rd4 Rhe8 Rfd1 Re7 g4 f6 g5 fxg5 fxg5 Nf7 Ne2 g6 Nf4 Rd8 Nd3,C40,King's Pawn Game: Busch-Gass Gambit,4
nXusdp68,True,1493490000000.0,1493490000000.0,67,mate,white,10+0,part74,1460,baksin,1242,e4 e5 Nf3 Nc6 a3 d5 exd5 Qxd5 Nc3 Qc5 d3 Nf6 Be3 Nd4 Bxd4 exd4 Na2 Bf5 Be2 O-O-O O-O Bd6 Ng5 Bh3 Nxh3 Qe5 f4 Qe3+ Kh1 Rde8 Rf2 h5 c3 Ng4 Bxg4+ hxg4 Qxg4+ Kb8 Qf3 Qe6 cxd4 Qg6 Nc3 Qh6 Ne4 Be7 Neg5 f6 Nf7 Qh4 Nxh8 Rxh8 Re1 Bd6 Qg3 Qh5 Ng1 g5 Qh3 gxf4 Qxh5 Rxh5 Nh3 f3 Rxf3 Bxh2 Re8#,C44,King's Knight Opening: Normal Variation,4
8K4BUCPt,True,1482560000000.0,1482560000000.0,70,mate,black,5+5,satanrogue99,1696,aidynnur,1563,a3 c6 Nf3 d5 e3 Bf5 d4 e6 Nbd2 Nf6 g3 Bd6 Nh4 Bg4 f3 Bh5 g4 Nxg4 fxg4 Qxh4+ Ke2 Bxg4+ Nf3 Qh5 Bg2 c5 Kf2 cxd4 exd4 O-O Qd3 Nc6 Be3 f5 h3 Bxf3 Bxf3 Qh4+ Ke2 e5 Bxd5+ Kh8 Rag1 e4 Qd2 f4 Rg4 f3+ Kf1 Qf6 Bxe4 Ne7 Bg5 Qf7 Bxe7 Bxe7 Bxb7 Qc4+ Kf2 Rab8 Be4 Rxb2 Bd3 Qxd4+ Qe3 Bc5 Qxd4 Bxd4+ Kf1 Rb1#,A00,Anderssen Opening,1
gY65a8UE,False,1496330000000.0,1496330000000.0,84,resign,white,10+0,lordf,1291,thelostunicorn,1313,e4 c5 Nf3 Nc6 Nc3 e5 Nd5 Nf6 Nxf6+ Qxf6 Bc4 Nd4 Nxd4 cxd4 d3 Bc5 Qh5 g6 Bg5 Qb6 Qh6 Qxb2 O-O Qxc2 Qg7 Rf8 Rac1 Qa4 Bh6 d5 Qxf8+ Kd7 Bxd5 Bxf8 Bxf8 Qb5 Bc4 Qc6 f3 f5 Bd5 Qa6 Rfd1 Kd8 h3 fxe4 fxe4 Be6 Bc4 Bxc4 dxc4 Qxa2 Ra1 Qxc4 Rdc1 Qd3 Bc5 Qxe4 Bxa7 Rc8 Bb6+ Ke8 Rxc8+ Kd7 Rac1 Ke6 Bc7 Kf5 Rc5 Kf4 Bxe5+ Ke3 Re8 Qb1+ Kh2 Kf2 Rf8+ Ke2 Kg3 Qd3+ Rf3 Qd1 Rf2+ Ke1,B30,Sicilian Defense: Old Sicilian,4
xU8mJs21,True,1435959228859.0,1435959840572.0,55,resign,white,7+5,1240100948,1693,maciek1959,1521,d4 e6 Bf4 d6 e3 Nf6 h3 Be7 Nf3 h6 a3 Bd7 b4 b5 c4 a6 c5 d5 Nbd2 c6 Ne5 O-O Be2 a5 O-O a4 Bd3 Na6 Qf3 Nc7 Qg3 Nh5 Qg4 Nxf4 Qxf4 Bg5 Qg3 Ne8 f4 Be7 Ng4 Nf6 Nxh6+ Kh8 Nxf7+ Kg8 Bg6 Qb8 e4 dxe4 Qh4 Nh5 Qxh5 Rxf7 Qh7+,A40,Horwitz Defense,2
kwU2e5VH,True,1482610000000.0,1482610000000.0,96,draw,draw,20+30,lcover,1431,random4266,1585,e4 e5 Nf3 Nc6 d4 exd4 Nxd4 Nf6 Nxc6 dxc6 Qxd8+ Kxd8 Bg5 Be7 Nc3 h6 O-O-O+ Ke8 Bxf6 Bxf6 Kb1 Be6 Rd2 Rd8 Rxd8+ Kxd8 Be2 Kc8 f4 g6 e5 Bg7 Ne4 g5 Nc5 gxf4 Nxe6 fxe6 Bg4 Re8 Re1 c5 Bh5 Re7 g3 fxg3 hxg3 Kd7 Rd1+ Kc6 Bf3+ Kb6 Rd3 c4 Rd4 Kc5 c3 Bxe5 b4+ Kb5 a4+ Kxa4 Rxc4 b5 Bd1+ Ka3 Rc6 Bxc3 Rxc3+ Kxb4 Kb2 Rd7 Rb3+ Kc5 Rc3+ Kb6 Bg4 Rd6 Rb3 a5 Rf3 e5 Re3 b4 Rxe5 Rd3 Re6+ Kc5 Rxh6 Rxg3 Rh5+ Kb6 Rh6+ c6 Bd7 Rc3,C45,Scotch Game: Schmidt Variation,8
QOpWZDja,False,1499552430681.0,1499552829727.0,29,mate,white,5+5,checkthenmate,1601,kylecuver1,981,e4 e5 Nf3 Nc6 Nc3 Nf6 Bb5 d6 d4 exd4 Nxd4 a6 Nxc6 bxc6 Bxc6+ Bd7 Bxd7+ Qxd7 Bg5 Be7 Qf3 h6 Bxf6 gxf6 O-O O-O-O e5 fxe5 Qa8#,C48,Four Knights Game: Spanish Variation,7
SoLU0eKY,True,1489090000000.0,1489090000000.0,83,resign,white,10+0,rookiescha,1518,ethan_3f,1419,g3 d5 Bg2 Bf5 d3 e6 b3 Bd6 Bb2 c6 Bxg7 Ne7 Bxh8 Nd7 Bb2 Be5 c3 Bg4 d4 Bf6 h3 Bf5 Nf3 Be4 O-O Qc7 e3 O-O-O Nh2 Nf5 Bxe4 dxe4 Kg2 Rg8 Rg1 Nxe3+ fxe3 Qxg3+ Kh1 Qxg1+ Qxg1 Rxg1+ Kxg1 e5 Nd2 exd4 cxd4 Bg5 Ng4 Nf6 d5 Nxg4 hxg4 Bxe3+ Kf1 Bxd2 d6 Kd7 Rd1 Bf4 Ba3 b6 Rd4 c5 Rxe4 Bxd6 Ke2 b5 Bb2 b4 Bg7 Bg3 Re3 Bf4 Rf3 Bd6 Rxf7+ Be7 Bf6 Ke6 Rxe7+ Kxf6 Rxa7,A00,Hungarian Opening,1
hjx8FroL,False,1485480000000.0,1485480000000.0,18,resign,white,10+0,gtaube,1559,king5891,1400,d4 b6 c4 Bb7 f3 Nf6 Bg5 e6 Nc3 Bb4 Rc1 c5 e4 O-O e5 cxd4 Qxd4 Ne8,A40,English Defense #2,2
sq7F7ZpV,True,1491250000000.0,1491250000000.0,58,resign,black,10+0,chicago_chess,1376,hahahahnoob,1418,e4 e5 Nf3 Nc6 Bc4 Nf6 Nc3 Bc5 Ng5 d5 exd5 Nxd5 Bxd5 Qxd5 Nxd5 O-O Qh5 h6 Nxc7 Rb8 Ne8 g6 Qxh6 Rxe8 Qh7+ Kf8 Qh8+ Ke7 Qxe5+ Nxe5 Ne4 Bb6 Nc5 Bxc5 c3 Nd3+ Ke2 Nxc1+ Raxc1 Kf8+ Kf3 b6 Rce1 Bb7+ Kg3 Bd6+ Kg4 Bc8+ Kf3 Bb7+ Kg4 f5+ Kg5 Kg7 Rxe8 Rxe8 g4 Bxh1,C50,Four Knights Game: Italian Variation,8
rqAoLyjN,False,1503584396950.0,1503585347004.0,70,draw,draw,10+10,chess-brahs,1950,adn_bravo88,1500,Nf3 d5 g3 Nc6 Bg2 e6 O-O Nf6 d4 Be7 Nc3 b6 e3 Bb7 Bd2 O-O Re1 Nb8 Ne5 Nbd7 f4 c5 Nxd7 Nxd7 dxc5 bxc5 e4 dxe4 Bxe4 Bxe4 Nxe4 Qb6 Bc3 Rad8 Qg4 f6 Nf2 e5 fxe5 fxe5 Bxe5 Nxe5 Rxe5 Qxb2 Rae1 Bd6 Rg5 h6 Rg6 c4 Qxc4+ Kh7 Qe4 Kh8 Ng4 Bc5+ Kg2 Rd2+ Re2 Rxe2+ Qxe2 Qb7+ Kh3 h5 Ne5 Qc8+ Kg2 Qb7+ Kh3 Qc8+,A07,King's Indian Attack,3
FUHof5BD,True,1420920964980.0,1420921751728.0,93,mate,white,5+5,boria,1461,aran09,1500,e4 e5 f4 Nc6 Nf3 d6 Bc4 Be6 Bxe6 fxe6 O-O Qe7 c3 O-O-O a4 exf4 d4 e5 b4 Nf6 d5 Nxb4 cxb4 Nxe4 b5 b6 a5 h5 axb6 cxb6 Qe2 Ng3 hxg3 g5 Nc3 h4 g4 h3 Ba3 Qh7 gxh3 Qxh3 Qg2 Qh6 Kf2 Re8 Ne4 Kd7 Rh1 Qg7 Rxh8 Qxh8 Nfxg5 Rc8 Rc1 Rxc1 Bxc1 Be7 Qh3 Qc8 Qc3 Qb7 Qc6+ Qxc6 dxc6+ Kd8 Ne6+ Kc8 Kf3 d5 N4g5 e4+ Nxe4 dxe4+ Kxe4 Bd6 Bxf4 Bxf4 Kxf4 Kb8 g5 a6 g6 axb5 g7 b4 g8=Q+ Ka7 c7 b3 c8=Q b2 Qa8#,C30,King's Gambit Declined |  Queen's Knight Defense,4
rWsEjbCP,False,1395511534330.0,1395512124682.0,47,mate,white,5+8,juan_ubago,1521,borntexan,1500,Nf3 c6 d4 Qc7 g3 d5 Bg2 Bd7 O-O Na6 Nbd2 O-O-O c4 Nb4 cxd5 cxd5 Ne5 Be6 a3 Na6 Ndf3 h6 Bxh6 Rxh6 Rac1 Qxc1 Qxc1+ Kb8 Ng5 Rc8 Qd2 Nf6 Ngxf7 Rh7 Ng5 Rhh8 Nxe6 g5 Qxg5 Bh6 Qf5 Ng8 Nd7+ Ka8 Qxd5 Nb8 Qxb7#,A04,Zukertort Opening: Slav Invitation,2
DtFjKQWw,True,1481160000000.0,1481170000000.0,89,mate,white,10+0,sirdabuae,1949,youralterego,2225,e4 d5 exd5 Qxd5 Nc3 Qa5 Be2 Nf6 Nf3 Bg4 O-O e6 d4 c6 Bd2 Qc7 Re1 Be7 Ne5 Bxe2 Qxe2 O-O Ne4 Nbd7 f4 Nxe4 Qxe4 Nf6 Qf3 Qb6 c3 Qxb2 Rad1 Qxa2 f5 exf5 Qxf5 Bd6 Ng4 Nxg4 Qxg4 Rfe8 Bh6 Bf8 Rf1 Qe2 Qg3 Qe6 Bf4 Qc4 Bh6 Re6 Bf4 Rae8 Be5 a5 Rf3 a4 Rdf1 Rg6 Qf4 f6 h4 h5 Qf5 Rh6 Bf4 Rh7 Qg6 Qf7 Qc2 a3 Bg5 Qc4 Qg6 Re2 Rxf6 Bc5 dxc5 Qxc5+ Kh1 a2 R6f5 Qa3 Qf7+ Kh8 Qf8+ Qxf8 Rxf8#,B01,Scandinavian Defense: Main Line,6
ZFjv8xKj,True,1504355535399.0,1504355578046.0,7,draw,draw,10+0,godk2001,1156,iamaliveandbored,1157,e4 e5 Qh5 d6 Nf3 Qf6 Bc4,C20,King's Pawn Game: Wayward Queen Attack,3
uJtX85el,True,1504220000000.0,1504230000000.0,124,resign,black,30+30,rescinded,1676,journey_to_nm,2003,d4 d5 c4 c6 Nc3 Nf6 Bg5 e6 Nf3 Be7 e3 b6 Be2 dxc4 Bxc4 Bb7 O-O Nbd7 Ne2 c5 Rb1 cxd4 Nexd4 Nd5 Bxe7 Qxe7 Nb5 Rc8 Bxd5 Bxd5 Nxa7 Bxa2 Rc1 Rxc1 Qxc1 O-O Nc6 Qc5 Qxc5 Nxc5 Ncd4 Bc4 Rc1 Bd5 Ne5 f6 Nef3 Ra8 Rd1 Nd3 b3 Ra2 Nd2 Nb2 Rf1 Nd3 Nc4 b5 Nxb5 Nc5 Nd4 Nxb3 Nb6 Nxd4 Nxd5 exd5 exd4 Rd2 h3 Rxd4 Rb1 Rd2 Rb8+ Kf7 Rb7+ Kg6 Rd7 h5 Kh1 Kh6 f3 g5 Kh2 Kg6 Rd8 f5 Rg8+ Kf6 Rf8+ Ke5 Rg8 Kf4 Ra8 d4 Ra4 Ke3 Ra3+ Rd3 Ra5 Kf4 g3+ Kxf3 Rxf5+ Ke4 Rf2 Rf3 Ra2 d3 Kg2 Rf5 Ra4+ Ke3 Ra3 Ke2 Ra7 Re5 Rf7 d2 Rf2+ Kd3 Rf8 d1=Q Rd8+ Ke2,D10,Slav Defense #2,5
QK8gOnp8,True,1482370000000.0,1482370000000.0,101,mate,white,10+0,checkers-network,1908,dellinspiron25,1498,e4 e5 Nf3 Nc6 Bb5 Nf6 Bxc6 dxc6 Nc3 Bc5 O-O Bg4 d3 Qd7 Nxe5 Qe6 Nxg4 Nxg4 d4 Bd6 e5 Be7 h3 h5 hxg4 hxg4 f3 g3 Ne4 Qg6 Bf4 Bh4 Qe1 f5 Bxg3 fxe4 Bxh4 exf3 Rxf3 Qxc2 Qf2 Qxf2+ Bxf2 O-O-O Rc1 Kb8 g4 b6 b4 g6 Kg2 Kb7 Rh3 Rhf8 Rh6 g5 Rg6 Rf4 Rxg5 Rdf8 Rc2 Ka6 a4 b5 a5 c5 dxc5 Rxb4 Rf5 Rxf5 gxf5 Kxa5 Be1 Ka4 Bxb4 Kxb4 f6 Kb3 Rc1 Kb2 Rf1 Kc2 f7 b4 f8=Q b3 e6 b2 Rf2+ Kb3 Rxb2+ Kxb2 e7 a5 e8=Q a4 Qe3 a3 Qff2+ Ka1 Qee1#,C65,Ruy Lopez: Berlin Defense #2,6
yBjEi9Yi,True,1483093977196.0,1483094918982.0,46,outoftime,black,10+0,juanandete,1046,squadbedoesa,1030,d3 c6 e4 Qa5+ Bd2 Qb6 Nc3 Qxb2 Qb1 Qa3 Bf4 Na6 Qb3 Qa5 O-O-O Nc5 Qc4 d6 h4 d5 exd5 cxd5 Nxd5 e6 Nc7+ Qxc7 Bxc7 Nd7 Ba5 b6 Bb4 a5 Ba3 b5 Qxb5 Ba6 Qb1 Rb8 Qa1 Bxa3+ Kd2 Bb2 Qb1 Be5 Qa1 Bxa1,B10,Caro-Kann Defense: Breyer Variation,3
k8LsKCL6,True,1504263356967.0,1504263735573.0,52,resign,black,10+0,lionnessebim1,1930,alexander99trg,1867,d4 e6 e4 c5 Nf3 cxd4 Nxd4 Bc5 Nb3 Bb6 Nc3 Qf6 Qe2 Nc6 a3 Nge7 Be3 Bxe3 Qxe3 O-O Bd3 Ne5 O-O-O a6 f4 Nxd3+ Rxd3 b5 e5 Qg6 Rg1 Nf5 Qf3 Rb8 g4 Nh4 Qf2 b4 axb4 Rxb4 Qxh4 Rxb3 f5 exf5 gxf5 Qxg1+ Nd1 Rxd3 cxd3 Qc5+ Kb1 Qxe5,B40,Sicilian Defense: Paulsen-Basman Defense,8
FVHChe2F,True,1497010543215.0,1497011698168.0,90,resign,black,10+5,pat222,1616,duguesclin,1776,e4 c5 Nf3 d6 d4 cxd4 Qxd4 Nf6 Nc3 a6 Bg5 e5 Qd1 Be7 Bc4 h6 Bxf6 Bxf6 h3 Be6 Bxe6 fxe6 O-O O-O b4 Qc7 Ne2 Nc6 a3 Rad8 Ng3 d5 exd5 Rxd5 Qe2 e4 c4 Bxa1 cxd5 Nd4 Nxd4 Bxd4 Qxe4 Qe5 Qxe5 Bxe5 dxe6 Bxg3 e7 Bxf2+ Rxf2 Re8 Re2 Kf7 Rc2 Rxe7 g4 g5 Rf2+ Ke6 Rf5 Kd6 Rf6+ Re6 Rxe6+ Kxe6 Kf2 Kd5 Ke3 Kc4 Ke4 Kb3 Kf5 Kxa3 Kg6 Kxb4 Kxh6 a5 Kxg5 a4 h4 a3 h5 a2 h6 a1=Q h7 Qg7+ Kh4 Qxh7+,B53,Sicilian Defense: Chekhover Variation,7
VC0euQZC,True,1502050000000.0,1502050000000.0,41,resign,white,10+0,sergeares,1337,rustam9,1337,e4 e5 Nf3 Be7 Nc3 Nf6 d4 d5 Bg5 dxe4 Bxf6 Bxf6 Nxe4 exd4 Nxf6+ gxf6 Nxd4 O-O c3 Re8+ Be2 c5 Nf3 Qa5 O-O Bd7 Nh4 Qa4 Qxa4 Bxa4 Bf3 Rd8 Bxb7 Bc6 Bxa8 Bxa8 Rad1 Rxd1 Rxd1 Nd7 Rxd7,C40,King's Knight Opening,3
t1BnxWrV,True,1502760000000.0,1502760000000.0,26,resign,black,10+15,charlesturner,1340,tahastanly,1353,e4 e5 d3 Nc6 c3 Nf6 h3 d5 Nd2 dxe4 Nxe4 Nxe4 dxe4 Qxd1+ Kxd1 Be6 Kc2 O-O-O Be3 a6 Nf3 h6 Be2 Bd6 a3 Na5,C20,King's Pawn Game: Leonardis Variation,3
p1VK0VtA,True,1397141373926.0,1397141943857.0,46,mate,black,10+5,cakmakfevzi2012,1654,vladimir-kramnik-1,1638,e4 e6 e5 d6 exd6 cxd6 c4 Nf6 d4 d5 Nc3 Bb4 a3 Bxc3+ bxc3 Nc6 Bg5 h6 Bh4 g5 Bg3 Ne4 Bd3 Nxc3 Qc2 Ne4 Bxe4 dxe4 Qxe4 Qa5+ Kf1 Qc3 Rae1 Qxc4+ Ne2 f5 Qf3 Nxd4 Qh5+ Ke7 Be5 Nxe2 Rxe2 Rhd8 Ke1 Qc1#,C00,French Defense: Steinitz Attack,3
PYE7e3w3,True,1500143720352.0,1500144643417.0,122,draw,draw,10+0,johnhiggins98,1366,noobdude,1644,d4 d5 Nc3 Nf6 Bg5 e6 e3 h6 Bxf6 Qxf6 Qf3 Qd8 Bb5+ c6 Bd3 Be7 Nge2 Nd7 e4 dxe4 Nxe4 Nf6 Nxf6+ Bxf6 c3 Bg5 O-O Qe7 g3 Bd7 h4 Bf6 Nf4 O-O-O Rfe1 Qf8 Nh5 Be7 b3 g5 Bc4 gxh4 gxh4 Rg8+ Kf1 Bxh4 Nf6 Bxf6 Qxf6 Rg6 Qf3 Qg7 Ke2 e5 Kd2 exd4 cxd4 Qxd4+ Kc2 Qg7 Qxf7 Qxf7 Bxf7 Rf6 Bc4 Rxf2+ Kc3 Rf3+ Kb4 Rf4 Ka3 Rff8 Be6 Bxe6 Rxe6 Rh8 Rh1 h5 Rh4 Rd5 Ree4 Kd7 Ka4 Kd6 b4 a6 Kb3 Rh7 Kc4 b5+ Kb3 Rh6 a4 Rd3+ Kb2 bxa4 Kc2 Rd5 Kb2 Re6 Rxe6+ Kxe6 Ka3 Kd6 Kxa4 Kc7 Kb3 Kb6 Ka4 Rb5 Rc4 Rg5 Rh4 Kc7 Kb3 Kb6 Ka4 Kc7 Kb3 Kd6 Ka4 Kc7,D01,Richter-Veresov Attack,5
ExKINFtZ,False,1504342122435.0,1504343850425.0,66,outoftime,black,15+0,zlijohnny,1773,ducksandcats,1821,e4 d5 exd5 Nf6 Bc4 Nxd5 Qh5 e6 d3 Be7 Nf3 Nc6 O-O O-O a3 a6 b4 b5 Bb3 Bf6 Ra2 g6 Qg4 e5 Qg3 Nde7 Nfd2 Nf5 Qf3 Nfd4 Qe4 Bf5 Qd5 Qe7 Ne4 Bxe4 Qxe4 Nxb3 cxb3 Nd4 Rb2 Rfe8 Nc3 c6 Be3 Qd6 Rc1 Bg7 Bxd4 exd4 Nxb5 cxb5 Qf3 Qe5 g3 Rac8 Rbc2 Rxc2 Rxc2 Qe1+ Kg2 Qe6 Rc5 Qxb3 Qc6 Qe6,B01,Scandinavian Defense: Modern Variation #2,4
FWzOfC7F,True,1503690995144.0,1503692268291.0,86,resign,black,15+3,vya39550,1391,codagirl,1472,e4 c5 Nc3 Nc6 Bc4 d6 Bxf7+ Kxf7 Qf3+ Ke8 d3 Nd4 Qd1 e6 Nf3 Nf6 Nxd4 cxd4 Ne2 e5 c3 dxc3 Nxc3 Be7 Qa4+ Bd7 Qb4 b6 Nd5 Rg8 O-O Nxd5 exd5 Rf8 Qd2 Rf7 a4 Kf8 d4 exd4 Qxd4 Bf6 Qd3 g6 h4 Bxh4 g3 Bf6 Bh6+ Bg7 Bf4 Bf5 Qb5 Be5 Bxe5 dxe5 Qb4+ Kg8 d6 Rd7 Rad1 Rc8 g4 Be6 f4 Bxg4 Rd5 Bf5 Qb3 Kf8 fxe5 Kg7 e6 Bxe6 Qc3+ Kg8 Rd2 Rxc3 bxc3 Qg5+ Rg2 Qa5 Rgf2 Kg7 Re2 Bc4,B25,Sicilian Defense: Closed Variation |  Traditional,4
vw9kQlVQ,False,1474985707740.0,1474985862572.0,17,resign,white,10+0,hamedbriki,1970,master_saytama,1710,e4 e5 Nf3 Nc6 Bb5 Nd4 Nxd4 exd4 O-O Nf6 e5 Nd5 Qg4 c6 Qxd4 b6 Bc4,C61,Ruy Lopez: Bird Variation,6
XWKS8u5v,True,1502670000000.0,1502670000000.0,60,resign,black,15+0,vasculartapestry,1543,kryptik,1518,e3 g6 Nf3 Bg7 g3 Nf6 Bg2 O-O O-O e6 Nc3 Nc6 d4 d5 Ne5 Nxe5 dxe5 Nd7 f4 b6 e4 Bb7 exd5 exd5 Be3 Rb8 Ne2 Nxe5 fxe5 Bxe5 Bf4 Bxb2 Rb1 Ba3 Nc3 Bc5+ Kh1 d4 Ne2 Bxg2+ Kxg2 Qd5+ Kg1 Rbd8 c3 dxc3+ Rf2 Bxf2+ Kxf2 Qc5+ Be3 Qf5+ Bf4 Rxd1 Rxd1 c5 Nxc3 Re8 Rc1 g5,A00,Van't Kruijs Opening,1
xJNfLJZu,False,1504053200119.0,1504053972029.0,119,draw,draw,10+0,badpuppy,1949,solidchess_hehe,1562,e4 e5 Bc4 Nf6 d4 exd4 Nf3 d6 Qxd4 Nc6 Qd3 Be7 O-O O-O a3 h6 Nc3 Bg4 h3 Bh5 Bf4 a6 Rad1 Nd7 Rfe1 Nb6 Ba2 Bf6 Nd5 Nxd5 exd5 Bg6 Qb3 Ne7 c3 b6 Bb1 Re8 Bxg6 Nxg6 Bg3 Qd7 Qc2 Re7 Rxe7 Qxe7 Re1 Qd7 c4 Re8 b3 Rxe1+ Nxe1 Qe7 Nf3 Be5 Bxe5 Nxe5 Qe4 Nxf3+ Qxf3 Qe1+ Kh2 Qe5+ Qg3 f6 Qxe5 fxe5 f3 Kf7 g4 g5 Kg3 Kf6 a4 a5 Kf2 Ke7 Ke3 Kf6 Ke4 Kg6 Ke3 Kf6 Kf2 Kg6 Kg3 Kf6 h4 Kg6 h5+ Kf6 Kf2 Kg7 Ke3 Kf6 Ke4 Kg7 Kf5 Kf7 Ke4 Kf6 Kd3 Kf7 Ke3 Kf6 Ke4 Kg7 Kd3 Kf6 Ke3 Kg7 Ke4 Kf6 Ke3 Kg7 Kd3 Kf6 Ke4,C24,Bishop's Opening: Urusov Gambit,7
DjUye5AV,False,1423585512261.0,1423587679147.0,113,outoftime,white,20+0,aliamini,1563,dubois,1445,e4 e5 Nf3 Nc6 a3 Nf6 Nc3 Bc5 Bc4 h6 h3 d6 d3 O-O Be3 Bxe3 fxe3 a6 d4 exd4 exd4 Re8 Bd3 d5 e5 b5 Qd2 b4 axb4 Nxb4 O-O-O Nxd3+ Qxd3 Nd7 Nxd5 c6 Nb4 Bb7 Na2 Qa5 Kb1 c5 Rhe1 Bd5 Nc3 c4 Qf5 Nb6 Nxd5 Nxd5 Nd2 c3 Nc4 Qb5 b3 Qb4 Nd6 Re7 Nc4 Rc7 Qd3 Nf4 Qf1 Rac8 Qxf4 Rxc4 Rd3 Qa3 Rxc3 Rxc3 Re2 a5 d5 a4 Qxa4 Qxa4 bxa4 R8c4 Kb2 Rg3 d6 Rxa4 d7 Ra8 Rd2 Rd8 c4 Kf8 c5 Rg6 Kc3 Ke7 Kc4 Rxd7 Rxd7+ Kxd7 h4 Kc6 g4 Rxg4+ Kd3 Rxh4 e6 fxe6 Ke3 e5 Kf3 g5 Kg3 e4 Kf2 Rf4+ Ke3,C46,Four Knights Game: Gunsberg Variation,7
WjOqp3o7,True,1398705552953.0,1398707124757.0,56,resign,black,30+0,vovkakuz,1507,rama2014,1512,e4 e6 d4 g5 Nf3 h6 Bc4 a6 Nc3 d6 O-O g4 Ne1 h5 f3 g3 hxg3 h4 g4 h3 g3 h2+ Kh1 Nf6 Bg5 Bh6 f4 Bxg5 fxg5 Nh7 g6 fxg6 Nf3 Nf6 g5 Ng4 Nh4 Qxg5 Qf3 Nh6 Kxh2 Nd7 Bxe6 b6 Bf7+ Kd8 Bxg6 Bb7 Bf5 Bc6 Bxd7 Bxd7 Qf6+ Qxf6 Rxf6 Ng4+,C00,French Defense: Normal Variation,3
5AYA7mBv,True,1503850000000.0,1503850000000.0,97,mate,white,10+0,tfeng,1559,eyany,1557,e4 e6 Nf3 d6 Nc3 c6 d4 Nf6 Bg5 Be7 Bc4 Nfd7 Bxe7 Qxe7 O-O b5 Bb3 b4 Ne2 a5 a3 bxa3 Rxa3 O-O Qd3 g6 e5 d5 Nc3 Ba6 Qe3 Bxf1 Qh6 Bxg2 Ng5 Qxg5 Qxg5 Be4 Nxe4 dxe4 Qe3 f5 Bxe6+ Kg7 h4 h5 Qg5 c5 Qe7+ Kh6 Bxd7 Nxd7 Qxd7 Rad8 Qb5 Rxd4 Qxa5 Rd1+ Kg2 e3 fxe3 Rc1 c3 f4 Qxc5 Rf5 exf4 Rc2+ Kg3 Rxb2 Ra8 Rb7 e6 g5 fxg5+ Kg6 Qd6 Rb3 e7+ Kg7 e8=Q Rxc3+ Kg2 Rc2+ Kh3 Rf3+ Qg3 Rxg3+ Kxg3 Rc3+ Kf2 Rc2+ Ke1 Rc1+ Kd2 Rf1 Qg8#,C00,French Defense: Knight Variation,3
sAPXqdlz,True,1427000000000.0,1427000000000.0,66,outoftime,black,5+6,benjack,1739,heydar,1713,e4 Nf6 Nc3 e5 Bc4 Nc6 Nf3 Bb4 Qe2 O-O O-O d6 h3 Nd4 Nxd4 exd4 Nd5 Bc5 b4 Nxd5 Bxd5 Bxb4 Bxf7+ Rxf7 Qc4 c5 c3 dxc3 dxc3 Ba5 Bf4 Qf6 Bg3 Qxc3 Qd5 Bc7 Rac1 Qf6 f4 Qd4+ Qxd4 cxd4 e5 dxe5 fxe5 Rxf1+ Kxf1 Bb6 Re1 Be6 Re4 Rc8 Ke2 Rc2+ Kf3 Bd5 e6 Rc3+ Kf4 Bc7+ Kf5 Bxe4+ Kxe4 Rxg3 e7 Kf7,C46,Four Knights Game: Italian Variation,7
gUoqFZai,True,1479696697698.0,1479697140084.0,78,mate,black,10+0,aelent,1610,jhonthoth,1895,d4 e6 Nc3 d5 g3 c5 dxc5 Bxc5 Bg2 Nf6 Bg5 h6 Bxf6 Qxf6 Nf3 Bd7 O-O Bc6 a3 a6 b4 Ba7 Qd2 O-O e4 dxe4 Ne1 e3 Qd3 Bxg2 Nxg2 exf2+ Kh1 Nc6 Ne4 Qd4 Qxd4 Bxd4 Rad1 Rad8 Nxf2 Bxf2 Rxd8 Rxd8 Rxf2 Rd1+ Ne1 Rxe1+ Kg2 Ra1 Rf3 Ra2 Rc3 Kh7 Kf3 Kg6 Kg4 h5+ Kh4 Kh6 Rf3 f5 Rc3 Nd4 Kh3 Rxc2 Re3 g5 b5 axb5 a4 bxa4 Ra3 b5 Re3 g4+ Kh4 Rxh2#,A40,Horwitz Defense,2
uWM6iOnB,True,1486840000000.0,1486840000000.0,102,mate,black,15+10,joel49,1206,businessman47,1132,e3 e5 Qh5 Bc5 Qxe5+ Qe7 Qxg7 Qf6 Qg3 d5 Bb5+ c6 Nc3 Na6 Nxd5 Qf5 Nc7+ Nxc7 Qxc7 cxb5 d3 Bb6 Qc3 Nf6 Nf3 O-O Nh4 Qg5 g3 Nd5 Qd2 Be6 Nf3 Qg4 Ne5 Qf5 O-O Qxe5 e4 Ne7 Kg2 Qh5 Qg5+ Qxg5 Bxg5 f6 Bh6 Rfc8 f4 Rxc2+ Kf3 Rxh2 f5 Rxh6 fxe6 f5 e5 Rxe6 Rfe1 Bd4 Rac1 Bxb2 Rc2 Bxe5 Rec1 Rc6 Rxc6 Nxc6 Rg1 Kf7 g4 fxg4+ Rxg4 Rg8 Re4 b4 d4 Bxd4 Rf4+ Ke8 Re4+ Kd7 Kf4 Re8 Rxe8 Kxe8 Ke4 h5 a3 bxa3 Kd5 a2 Kd6 a1=Q Kc7 Qa6 Kc8 b5+ Kc7 Qb6+ Kc8 Qb8#,A00,Van't Kruijs Opening,1
PKgndYZq,False,1504260368107.0,1504260433377.0,20,resign,black,10+0,romanar2006,1493,pilki,1781,e4 d6 d4 e5 dxe5 dxe5 Nf3 Qxd1+ Kxd1 Nc6 Bb5 Bg4 h3 O-O-O+ Ke1 Bxf3 gxf3 Nd4 Be2 Nxc2+,B07,King's Pawn Game: Maroczy Defense,4
DPE1mbu6,True,1489339141210.0,1489339514412.0,12,resign,black,10+0,derspiegel,1758,logoon,1815,e4 e5 Nf3 Nc6 Bc4 Nd4 Nxe5 Qg5 Ng4 d5 c3 Bxg4,C50,Italian Game: Schilling-Kostic Gambit,6
ALt6ycwM,True,1453709921781.0,1453710246168.0,47,mate,white,15+2,vankata000,1366,noob47,1420,e3 e5 d4 exd4 exd4 Nf6 Be3 d5 Nc3 Bb4 a3 Ba5 h3 Nbd7 b4 Bb6 Nb5 O-O Nf3 Re8 Be2 a6 Nc3 c5 dxc5 Bc7 O-O Be5 Nxe5 Nxe5 Bf3 Nc6 Nxd5 Nxd5 Bxd5 Ne7 c4 Nxd5 cxd5 Qf6 Bd4 Qf5 Re1 Rxe1+ Qxe1 Qxd5 Qe8#,A40,Englund Gambit Declined |  Reversed French,3
6aDFIWBG,True,1446085243786.0,1446085821047.0,59,resign,white,5+5,tori92,2060,huntermind,1792,e4 c6 d4 d5 e5 Bf5 Nf3 e6 c4 Ne7 c5 Ng6 Nc3 Be7 h3 a5 g4 Be4 Be3 b6 Nxe4 dxe4 Nd2 bxc5 Nxe4 cxd4 Qxd4 Nd7 Nd6+ Bxd6 exd6 Nge5 Bg2 O-O f4 c5 Qc3 c4 fxe5 f6 Bxa8 Qxa8 O-O Nxe5 b3 cxb3 axb3 Nf3+ Kf2 Rc8 Qxa5 Rc2+ Kg3 Qe4 Qa8+ Qxa8 Rxa8+ Kf7 d7,B12,Caro-Kann Defense: Advance Variation |  Short Variation,7
1gdc3vsb,False,1503520000000.0,1503520000000.0,145,mate,white,5+8,chess_king3,1474,maumau62,1607,e4 e5 Nf3 Nc6 Bb5 d6 c3 Nf6 d3 Be7 O-O O-O Nbd2 Nd4 cxd4 exd4 Nxd4 c6 Ba4 b5 Nxc6 Qc7 Bxb5 a6 Ba4 Bb7 Qc2 Bxc6 Qxc6 Qxc6 Bxc6 Rab8 Nb3 Rb6 Ba4 Ng4 h3 Ne5 Be3 Rb4 d4 Nd3 Bd7 Nxb2 Bd2 Rb7 Bc6 Rc7 Bc3 Nc4 Bd5 Rfc8 Ba5 Nxa5 Nxa5 g6 Nc6 Bf6 f4 Rxc6 Bxc6 Bxd4+ Kh1 Bxa1 Rxa1 Rxc6 Rb1 Kg7 Rb7 Kf6 e5+ dxe5 fxe5+ Ke6 Kh2 Rc2 Rb6+ Kxe5 Rxa6 f5 Ra7 h5 h4 Kf4 Rg7 Rxa2 Rxg6 Ra4 Rg5 Ke3 Rxh5 f4 Rf5 Re4 h5 Re8 Kh3 Rh8 Kg4 Rg8+ Rg5 Rxg5+ Kxg5 Kf2 h6 Kxg2 h7 f3 h8=Q f2 Qa8+ Kg1 Qa7 Kg2 Qb7+ Kg1 Qb6 Kg2 Qc6+ Kg1 Qc5 Kg2 Qd5+ Kg1 Qd4 Kg2 Qe4+ Kg1 Qg4+ Kf1 Kf4 Ke1 Qg3 Kf1 Kf3 Ke1 Qxf2+ Kd1 Ke3 Kc1 Kd3 Kb1 Kc3 Ka1 Qb2#,C62,Ruy Lopez: Steinitz Defense,6
dn5EoEzS,True,1500550000000.0,1500550000000.0,89,mate,white,10+0,adatene,1579,jeanb,1565,e4 d5 exd5 Qxd5 Nc3 Qd8 Nf3 e6 d4 h6 Bc4 a6 O-O b5 Bb3 Nf6 Qd3 Bb7 Re1 Be7 Ne5 Nbd7 Qg3 Rg8 Be3 Nxe5 dxe5 Nh7 Bxh6 Bh4 Qg4 g6 Rad1 Qe7 Be3 Bg5 Ne4 Bxe4 Qxe4 Rb8 Qc6+ Kf8 Bc5 Rb6 Bxe7+ Bxe7 Qxc7 Kg7 Qxb6 Ng5 Qxa6 b4 Qb7 Bf8 f4 Nh7 Bxe6 Kh6 Qxf7 Rg7 Qe8 Re7 Qc6 Rg7 Rd7 Re7 Rxe7 Bxe7 Qd7 Bf8 Bg8 Bg7 Bxh7 Kxh7 Re3 Kg8 Rg3 Kf8 Rxg6 Bxe5 Qf5+ Ke8 Qxe5+ Kf7 Qf6+ Ke8 Rg7 b3 Qe7#,B01,Scandinavian Defense: Mieses-Kotroc Variation,4
g7Agh37v,True,1496340000000.0,1496340000000.0,42,resign,white,10+0,omnivoid,1463,hasan_al-banna,1432,d3 d5 h4 e5 h5 Nf6 Bg5 Be7 Na3 Nc6 Qc1 Be6 Rb1 Nxh5 Bxe7 Qxe7 Rxh5 Nd4 Rxe5 O-O Nf3 Nf5 g3 Rfe8 Qf4 h6 Nb5 g5 Qd2 g4 Nfd4 Ng7 Qxh6 Qc5 Rg5 Qf8 Nxc7 f6 Ncxe6 Qf7 Rxg7+ Qxg7,A00,Mieses Opening,1
6jYzJsQG,True,1496600208001.0,1496600963509.0,91,resign,white,5+8,hnb,1713,wojand,1573,e4 e5 Bc4 Nf6 d3 Bc5 Nf3 d6 c3 c6 a4 O-O b4 Bb6 a5 Bc7 Bg5 Nbd7 h3 h6 Be3 d5 exd5 cxd5 Bb3 Re8 Qd2 b6 axb6 Bxb6 Bxb6 Nxb6 O-O Bb7 Re1 Qc7 Na3 a6 Ba4 Nxa4 b5 Qxc3 Qxc3 Nxc3 Rac1 Nxb5 Nxb5 axb5 Rc7 Rab8 Rb1 e4 dxe4 dxe4 Nd4 Bd5 Rb2 Bc4 Nc6 Rbc8 Ne7+ Kf8 Nxc8 Nd5 Rc5 Nf4 Nd6 Rd8 Nxc4 bxc4 Rxc4 f5 Kh2 Nd3 Rb7 Nxf2 Rcc7 g5 Rf7+ Kg8 Rxf5 e3 Re5 Nd1 Rbe7 Rd2 Kg3 Re2 R5e6 Re1 Kf3,C24,Bishop's Opening: Berlin Defense,4
rwAMUWmx,True,1498070000000.0,1498070000000.0,11,mate,white,10+0,curry117,1315,jayblackington,1205,e4 Nc6 Qf3 e5 Bc4 f6 Nh3 h6 Qb3 Nge7 Bf7#,B00,Nimzowitsch Defense,2
yGcb5udF,True,1504040000000.0,1504040000000.0,97,draw,draw,10+0,alex_cos,1456,mobin1388,1789,e4 e6 e5 d5 exd6 Qxd6 Nc3 a6 a3 Nf6 h3 e5 Nf3 e4 Qe2 Bf5 d3 Nbd7 dxe4 Bg6 e5 Qe6 exf6 Qxe2+ Bxe2 Nxf6 Bd3 Bxd3 cxd3 O-O-O O-O Rxd3 Rd1 Rxd1+ Nxd1 Bc5 Be3 Bxe3 Nxe3 Rd8 Rd1 Re8 g3 h6 Kg2 Ne4 Nf5 h5 Nxg7 Rh8 h4 b6 Rd4 Nc5 Ne5 Rh7 Nf5 f6 Nd3 Ne6 Re4 Kd7 Nf4 Nc5 Rd4+ Kc6 Rc4 b5 Nd4+ Kd6 Nf5+ Kc6 Rc2 Kb6 b4 Na4 Nd5+ Kb7 Nxf6 Rf7 Nxh5 Rxf5 Ng7 Rf7 Nh5 c6 Re2 Nc3 Rc2 Nd1 Rd2 Nc3 Rc2 Nb1 Ra2 Nc3 Rc2,C00,French Defense: Steinitz Attack,3
YjChBIPp,True,1500400000000.0,1500400000000.0,99,outoftime,white,7+7,bosko1,1619,dipset,1501,e4 d6 d4 h5 h4 b6 Be2 g6 Nc3 c6 Bf3 a6 Be3 Nd7 Qe2 Bg7 Qd3 b5 b4 Bf6 O-O-O e6 Nge2 Bxh4 g3 Bg5 Bxg5 Qxg5+ Kb1 Bb7 g4 h4 Rh3 Ngf6 Rdh1 Nxg4 Bxg4 Qxg4 f3 Qg2 R1h2 Qf1+ Kb2 g5 Qe3 f6 d5 cxd5 exd5 e5 Qe4 Rg8 Qg4 Nb6 Qe6+ Kf8 Qxf6+ Ke8 Qxd6 Nc4+ Kb3 Nxd6 Rh1 Qf2 R1h2 Qe1 Rh1 Qd2 R1h2 Qf4 Nxf4 exf4 Re2+ Kd7 Rd2 Nc4 Rd3 Ne5 Rd1 Rge8 Ne4 Rf8 Nxg5 Ng6 Ne6 Rfe8 Nc5+ Kc7 d6+ Kc6 d7 Red8 Rhh1 Ne5 Rxh4 Nxd7 Rh6+ Kc7 Ne6+,B07,Pirc Defense #5,3
Q0jogkvi,False,1503680241171.0,1503680377979.0,21,outoftime,white,5+8,taranga,1289,snapper,1500,e4 e5 Nf3 d6 Bc4 h6 Nc3 Bg4 h3 Bh5 d3 c6 Be3 Nf6 O-O a5 d4 a4 dxe5 Nfd7 exd6,C41,Philidor Defense #3,5
uPzqP2FV,True,1503750000000.0,1503750000000.0,160,outoftime,black,10+0,nimeni21,1935,behrooz36tehran,1867,d4 d5 c4 dxc4 e3 Nf6 Nf3 Bf5 Bxc4 e6 O-O Bd6 Nc3 O-O e4 Nxe4 Re1 Nxc3 bxc3 a6 a4 Nc6 a5 h6 h3 Kh8 Bb2 Rb8 Bf1 b5 axb6 Rxb6 Bc1 a5 Bd2 Rb2 Qa4 Qa8 Bb5 Ne7 Qxa5 Qb7 Ba6 Qb3 Bf1 Nd5 Qa4 Qxa4 Rxa4 Rc2 c4 Nc3 Bxc3 Rxc3 c5 Bf4 Ne5 Bxe5 Rxe5 Bc2 Ra7 Rd8 Rxc7 Rxd4 Rxf7 Rd1 Re3 Rxc5 g3 Bg6 Rf8+ Kh7 Kg2 Rf5 Rxf5 exf5 f4 Rd2+ Re2 Rd7 Kf3 Bh5+ g4 fxg4+ hxg4 Bf7 Re3 Bd5+ Kg3 Ra7 Bd3+ g6 Re5 Ba2 f5 gxf5 Bxf5+ Kg7 Rc5 Ra3+ Kh4 Ra7 Re5 Bf7 Rc5 Re7 Rc8 Re1 Rc7 Rh1+ Kg3 Kf6 Kg2 Rd1 Kg3 Rd2 Kh4 Rh2+ Kg3 Rh1 Rc6+ Kg5 Rc7 Bd5 Rg7+ Kf6 Rg6+ Ke5 Rg7 Rg1+ Kh2 Rg2+ Kh3 Kf4 Rh7 Rg3+ Kh4 Rg1 Kh5 Rh1+ Kg6 Bc6 Rxh6 Be8+ Kg7 Rc1 Rf6 Rc7+ Kg8 Kg3 Rf8 Ba4 Bh7 Bb3+ Kh8 Rc6 Bg8 Rh6+ Bh7 Rxh7+,D25,Queen's Gambit Accepted: Normal Variation,7
qQxWn7Ro,True,1488206259863.0,1488206874305.0,56,resign,black,10+0,sspreadd,1418,icewolf4,1461,d4 d5 Bf4 Nc6 e3 e6 Be2 Bd6 Bxd6 Qxd6 Nc3 Nf6 Nf3 e5 Bb5 Bd7 Bxc6 Bxc6 dxe5 Qb4 exf6 gxf6 O-O O-O-O Nd4 Bb5 Ndxb5 Qxb2 Qg4+ Rd7 Nxa7+ Kd8 Nxd5 Rxd5 Qc8+ Ke7 Qxh8 Rg5 Nc8+ Ke6 Qe8+ Kf5 Qe4+ Kxe4 f3+ Kxe3 Rae1+ Kd4 Re4+ Kd5 Rd1+ Kc5 f4 Qxc2 fxg5 Qxd1+,D00,Queen's Pawn Game: Mason Attack,3
m1yyvvEJ,False,1503857712077.0,1503858244808.0,51,resign,white,10+0,lordcashflow,1589,tux09,1536,Nf3 c5 c3 d5 d4 c4 g3 f5 Bg2 e6 O-O Nf6 Ne5 Bd6 f4 O-O b3 b5 bxc4 bxc4 Na3 a6 Naxc4 dxc4 Bxa8 Nd5 Bxd5 exd5 e3 Rf6 Qh5 Rh6 Qf7+ Kh8 Qxd5 Be6 Nf7+ Bxf7 Qxf7 Rf6 Qxc4 Qe8 a4 Qh5 Ba3 Bxa3 Rxa3 Nd7 Rb3 Rh6 Qc8+,A04,Zukertort Opening: Sicilian Invitation,2
Xbo6QLwR,True,1488990000000.0,1488990000000.0,43,resign,white,8+2,oso_bucholz,2081,foytik,2243,e4 d6 Nf3 Nf6 Nc3 a6 d4 b5 Bd3 e6 Bg5 Bb7 e5 h6 Bh4 g5 Nxg5 hxg5 Bxg5 Nbd7 exf6 Bxg2 Rg1 Rxh2 Ne4 Bxe4 Bxe4 d5 Bxd5 Bb4+ c3 exd5 Qe2+ Kf8 cxb4 Nxf6 Qe5 Qd6 Bxf6 Re8 Bg7+ Kg8 Qxe8+,B07,Pirc Defense #4,2
qVvb7FxA,True,1487230000000.0,1487230000000.0,135,mate,white,15+2,saeed65,1719,viktor1649,1677,Nf3 d6 e4 e5 h3 c5 Bc4 h6 Nc3 Nf6 d3 a6 a3 Be7 O-O O-O Nh2 Nc6 f4 b5 Ba2 Bd7 f5 Nh7 Bd5 Rb8 Qg4 Bg5 Nf3 Bxc1 Raxc1 Nf6 Qg3 Nd4 Rfe1 Nxf3+ Qxf3 Kh8 g4 Nh7 Kf2 Qh4+ Ke2 Ng5 Qf2 Qxh3 Rg1 Nh7 Rg3 Qh4 Rcg1 Qd8 Rh1 Kg8 Qe3 Qg5 Ba2 Qxe3+ Kxe3 Ng5 Nd5 Be8 Ne7+ Kh7 Rh5 Rb7 Nd5 f6 Rh4 Bf7 Rg1 Bxd5 Bxd5 Rc7 Rgh1 c4 dxc4 bxc4 c3 a5 R1h2 a4 Rg2 Rcc8 Rgh2 Rb8 Bxc4 Rfc8 Bd5 Rb6 Kd3 Rcb8 b3 axb3 Rb2 Nf3 Rh1 Ng5 Rhb1 Nf3 Rxb3 Rxb3 Rxb3 Rxb3 Bxb3 Ng5 a4 Nh3 a5 Nf2+ Ke2 Nxg4 a6 h5 a7 h4 a8=Q Kh6 Qh8+ Kg5 Qxg7+ Kf4 Bc2 h3 Qh7 h2 Qh3 Kg5 Kf3 Nh6 Qxh2 Nf7 Qg3+ Kh6 Qg6#,C41,Philidor Defense #2,4
iCq06qa3,False,1502439776218.0,1502441596171.0,62,resign,white,15+5,elnazjavaheri,1500,ducksandcats,1821,e4 c6 d4 d5 exd5 cxd5 Bd3 Nc6 c3 Nf6 Bf4 e6 Nf3 Bd6 Qd2 Qc7 Bg3 O-O Qg5 h6 Qh4 e5 dxe5 Nxe5 Nxe5 Bxe5 O-O Be6 f4 Bd6 Nd2 Qb6+ Bf2 Qxb2 Nb3 Qxc3 Rad1 Bg4 Bd4 Qc7 Bxf6 Bxd1 Rxd1 gxf6 Qxh6 f5 Qg5+ Kh8 Qf6+ Kg8 Qg5+ Kh8 Bxf5 Bxf4 Qh5+ Kg7 Rf1 Bh6 Bd3 Qb6+ Kh1 Qe6,B13,Caro-Kann Defense: Exchange Variation |  Rubinstein Variation,11
6VF1aJ7O,True,1503110000000.0,1503110000000.0,53,resign,white,10+0,mrtx,1640,bake99,1881,d4 d5 c4 e6 Nf3 a6 Nc3 dxc4 e3 b5 a4 b4 Ne4 f5 Ng3 c3 bxc3 bxc3 Qb3 a5 Bc4 Qf6 O-O Bb4 Ne5 Ne7 Ne2 O-O Nf4 c6 Bxe6+ Bxe6 Nxe6 Nd5 Nxf8 Kxf8 Ba3 Ra6 Bxb4+ axb4 f3 Nxe3 Rfe1 Nd5 Re2 Qd6 Rae1 Ra7 Nc4 Nf4 Re8+ Kf7 Nxd6+,D30,Queen's Gambit Declined,4
u2rpBSua,True,1503950000000.0,1503950000000.0,96,resign,black,10+0,chez91,1528,red-0,1458,e4 e5 Bc4 Nf6 d3 c6 Bg5 Be7 Nf3 d6 O-O h6 Bxf6 Bxf6 Nc3 b5 Bb3 a5 a3 a4 Ba2 Nd7 b3 Bg5 bxa4 bxa4 Qe2 Nf6 Nxg5 hxg5 f3 g4 fxg4 Bxg4 Qf2 Qe7 Ne2 O-O-O Bc4 c5 Bb5 Bxe2 Qxe2 Qa7 Kh1 Rh6 h3 Rdh8 Rab1 Rxh3+ gxh3 Rxh3+ Kg2 Rh4 Kg3 Rg4+ Kh3 Rg6 Bc4 Qd7+ Kh2 Rh6+ Kg1 Rg6+ Kf2 Ng4+ Ke1 Rf6 Rxf6 Nxf6 Kd2 Qa7 Rb5 g5 Qg2 g4 Qf2 Qe7 Qf5+ Kc7 Ra5 Kb6 Ra6+ Kb7 Rxa4 d5 exd5 e4 Ba6+ Kc7 Qc8+ Kd6 Qc6+ Ke5 Rxe4+ Nxe4+,C24,Bishop's Opening: Berlin Defense,4
cSUC96lZ,True,1501847995408.0,1501848629620.0,37,resign,white,8+8,lobnik,1711,mrmandelbrot,1209,e4 e5 Bc4 Nf6 d3 Bc5 h3 d6 Nf3 O-O a3 d5 exd5 Nxd5 O-O Nf4 Nxe5 Qg5 Ng4 Be6 Qf3 Bxc4 Bxf4 Qe7 dxc4 h5 Ne3 g5 Bh2 h4 Nc3 Nc6 Ncd5 Qd7 Nf6+ Kh8 Nxd7,C24,Bishop's Opening: Berlin Defense,4
sFqPdGOH,False,1399937917046.0,1399938634150.0,32,resign,white,10+2,jesuisenechec,1393,redwood,1487,e4 e5 Bc4 Nf6 Nc3 Nc6 a3 a6 d3 b5 Ba2 Nd4 Nce2 Bc5 c3 Nxe2 Nxe2 Ng4 d4 exd4 cxd4 Qf6 O-O Bd6 f4 g6 h3 Nh6 e5 Qe7 exd6 cxd6,C28,Vienna Game: Stanley Variation |  Three Knights Variation,6
